scenario_index,param_y,param_eta,value
n_1000_rep_87_dist_gaussian_homo_SNR_1_point_estimates,loc,Intercept,[-0.8024408]
n_1000_rep_87_dist_gaussian_homo_SNR_1_point_estimates,loc,X1,[-0.62055576]
n_1000_rep_87_dist_gaussian_homo_SNR_1_point_estimates,loc,X2,[-0.6738093]
n_1000_rep_87_dist_gaussian_homo_SNR_1_point_estimates,loc,"spline(Z1, bs='bs', df=14)","[ 0.08137413  0.06277969  0.68212265  0.38315818  0.14304197 -0.02898652
 -0.18203026 -0.24821956 -0.04941072 -0.37050375  0.1507037   0.23844856
  0.04578381  0.01171126]"
n_1000_rep_87_dist_gaussian_homo_SNR_1_point_estimates,loc,"spline(Z2, bs='bs', df=14)","[ 0.10563973 -0.38825077 -0.57363147 -0.25369063 -0.07638457 -0.03443293
  0.41491395  0.11756706  0.30687198 -0.2010362   0.10295371  0.3902526
 -0.1816545   0.13022861]"
n_1000_rep_87_dist_gaussian_homo_SNR_1_point_estimates,scale,Intercept,[2.5505102]
