scenario_index,param_y,param_eta,value
n_1000_rep_10_dist_gaussian_homo_SNR_1_point_estimates,loc,Intercept,[-0.06614584]
n_1000_rep_10_dist_gaussian_homo_SNR_1_point_estimates,loc,X1,[-0.19165777]
n_1000_rep_10_dist_gaussian_homo_SNR_1_point_estimates,loc,X2,[-0.12318409]
n_1000_rep_10_dist_gaussian_homo_SNR_1_point_estimates,loc,"spline(Z1, bs='bs', df=14)","[ 0.45365736  0.49839315 -0.14533433 -0.64705104 -0.00179147  0.05133749
  0.08690147  0.40775245  0.02047978 -0.34829453 -0.17769247 -0.06655664
  0.39031816  0.22849828]"
n_1000_rep_10_dist_gaussian_homo_SNR_1_point_estimates,loc,"spline(Z2, bs='bs', df=14)","[-0.3339777  -0.3983348  -0.01857067  0.24371578 -0.13797335 -0.06126516
 -0.03151929  0.04106916 -0.08681177  0.5009292   0.36099896  0.11882146
 -0.20728676 -0.4784123 ]"
n_1000_rep_10_dist_gaussian_homo_SNR_1_point_estimates,scale,Intercept,[1.0591978]
