scenario_index,param_y,param_eta,value
n_1000_rep_85_dist_gaussian_homo_SNR_1_point_estimates,loc,Intercept,[0.40260085]
n_1000_rep_85_dist_gaussian_homo_SNR_1_point_estimates,loc,X1,[0.6241771]
n_1000_rep_85_dist_gaussian_homo_SNR_1_point_estimates,loc,X2,[0.27796832]
n_1000_rep_85_dist_gaussian_homo_SNR_1_point_estimates,loc,"spline(Z1, bs='bs', df=14)","[ 0.16563559  0.37915242 -0.28849     0.199149    0.5404984  -0.22240134
 -0.5209207  -0.45404476  0.05028449  0.39989454 -0.14546086  0.01114224
  0.36555293  0.29904893]"
n_1000_rep_85_dist_gaussian_homo_SNR_1_point_estimates,loc,"spline(Z2, bs='bs', df=14)","[-0.00845681 -0.22749898 -0.24421097  0.11418132  0.40254623  0.43847448
 -0.06426457  0.32578552 -0.17199174 -0.4791706   0.09941598  0.53418684
 -0.18993194 -0.4558786 ]"
n_1000_rep_85_dist_gaussian_homo_SNR_1_point_estimates,scale,Intercept,[2.238409]
