scenario_index,param_y,param_eta,value
n_1000_rep_97_dist_gaussian_homo_SNR_1_point_estimates,loc,Intercept,[0.11364035]
n_1000_rep_97_dist_gaussian_homo_SNR_1_point_estimates,loc,X1,[-0.023375]
n_1000_rep_97_dist_gaussian_homo_SNR_1_point_estimates,loc,X2,[0.00299482]
n_1000_rep_97_dist_gaussian_homo_SNR_1_point_estimates,loc,"spline(Z1, bs='bs', df=14)","[ 0.02940519 -0.24612734 -0.33780143  0.01100263  0.0654218   0.208009
  0.11589629  0.01522304 -0.12762107 -0.40764993 -0.33885702  0.71753466
  0.3459317   0.01947796]"
n_1000_rep_97_dist_gaussian_homo_SNR_1_point_estimates,loc,"spline(Z2, bs='bs', df=14)","[-0.39045325 -0.23220506  0.1579625   0.3168546  -0.42725956 -0.3526876
 -0.32634938 -0.0375445  -0.06498024  0.18705258  0.58121455  0.19124413
  0.26586148  0.21571639]"
n_1000_rep_97_dist_gaussian_homo_SNR_1_point_estimates,scale,Intercept,[2.4982297]
