scenario_index,param_y,param_eta,value
n_1000_rep_81_dist_gaussian_homo_SNR_1_point_estimates,loc,Intercept,[-0.03341996]
n_1000_rep_81_dist_gaussian_homo_SNR_1_point_estimates,loc,X1,[-0.36800754]
n_1000_rep_81_dist_gaussian_homo_SNR_1_point_estimates,loc,X2,[0.10734806]
n_1000_rep_81_dist_gaussian_homo_SNR_1_point_estimates,loc,"spline(Z1, bs='bs', df=14)","[ 0.06387974  0.32669824 -0.00712328 -0.06790958  0.54585665  0.2805047
  0.6909206   0.08256719 -0.4148882  -0.9616502  -0.1878844  -0.16281791
 -0.05918314  0.31253478]"
n_1000_rep_81_dist_gaussian_homo_SNR_1_point_estimates,loc,"spline(Z2, bs='bs', df=14)","[-0.06191285 -0.23947194 -0.8509654  -0.56285465  0.08283018  0.16230687
  0.12987477  0.33762524  0.45008612 -0.03210227  0.4620079   0.37359372
  0.08261259  0.19872525]"
n_1000_rep_81_dist_gaussian_homo_SNR_1_point_estimates,scale,Intercept,[2.087189]
