scenario_index,param_y,param_eta,value
n_1000_rep_46_dist_gaussian_homo_SNR_1_point_estimates,loc,Intercept,[0.06741033]
n_1000_rep_46_dist_gaussian_homo_SNR_1_point_estimates,loc,X1,[-0.00094483]
n_1000_rep_46_dist_gaussian_homo_SNR_1_point_estimates,loc,X2,[0.00557281]
n_1000_rep_46_dist_gaussian_homo_SNR_1_point_estimates,loc,"spline(Z1, bs='bs', df=14)","[ 0.24541125 -0.23516503 -0.385765    0.17740096  0.15065537 -0.44643494
 -0.12510039  0.26263726  0.34720033  0.38329938 -0.12826549  0.11302585
  0.17075329 -0.16595677]"
n_1000_rep_46_dist_gaussian_homo_SNR_1_point_estimates,loc,"spline(Z2, bs='bs', df=14)","[ 0.14264715 -0.03713769 -0.12016782 -0.10342795  0.20293789  0.19221412
 -0.05324496 -0.07945885 -0.20774606 -0.395953    0.15473573  0.08302849
 -0.2909391  -0.04376753]"
n_1000_rep_46_dist_gaussian_homo_SNR_1_point_estimates,scale,Intercept,[1.9186449]
