scenario_index,param_y,param_eta,value
n_1000_rep_12_dist_gaussian_homo_SNR_1_point_estimates,loc,Intercept,[-0.14728065]
n_1000_rep_12_dist_gaussian_homo_SNR_1_point_estimates,loc,X1,[0.12233077]
n_1000_rep_12_dist_gaussian_homo_SNR_1_point_estimates,loc,X2,[-0.17255244]
n_1000_rep_12_dist_gaussian_homo_SNR_1_point_estimates,loc,"spline(Z1, bs='bs', df=14)","[ 0.19216514  0.40877736  0.42835125  0.48256615 -0.16275562 -0.5232485
 -0.36829704 -0.6547294  -0.19191581  0.02263816  0.04204135  0.26748735
  0.70738673  0.3075717 ]"
n_1000_rep_12_dist_gaussian_homo_SNR_1_point_estimates,loc,"spline(Z2, bs='bs', df=14)","[-0.08507918  0.68718374  0.699029   -0.26373175 -0.70252395 -0.03033754
 -0.08945563 -0.793656   -0.11808069  0.20800188  0.31733337  0.3188812
  0.3511797  -0.2207613 ]"
n_1000_rep_12_dist_gaussian_homo_SNR_1_point_estimates,scale,Intercept,[1.3168375]
