scenario_index,param_y,param_eta,value
n_1000_rep_26_dist_gaussian_homo_SNR_1_point_estimates,loc,Intercept,[-0.19416207]
n_1000_rep_26_dist_gaussian_homo_SNR_1_point_estimates,loc,X1,[0.09596265]
n_1000_rep_26_dist_gaussian_homo_SNR_1_point_estimates,loc,X2,[-0.13114342]
n_1000_rep_26_dist_gaussian_homo_SNR_1_point_estimates,loc,"spline(Z1, bs='bs', df=14)","[ 0.07763806  0.07513512  0.10768741  0.00385142  0.18404621  0.411205
  0.17024419 -0.4075676  -0.24788529 -0.07502522 -0.11765589  0.05469375
 -0.12273865 -0.2959511 ]"
n_1000_rep_26_dist_gaussian_homo_SNR_1_point_estimates,loc,"spline(Z2, bs='bs', df=14)","[-0.23337431  0.15659662  0.20518927  0.260688    0.07717116 -0.09826882
 -0.20102914 -0.3678813  -0.41198713  0.21477178  0.7979663   0.12197004
 -0.41577935 -0.25840917]"
n_1000_rep_26_dist_gaussian_homo_SNR_1_point_estimates,scale,Intercept,[1.3695878]
