scenario_index,param_y,param_eta,value
n_1000_rep_34_dist_gaussian_homo_SNR_1_point_estimates,loc,Intercept,[0.17395052]
n_1000_rep_34_dist_gaussian_homo_SNR_1_point_estimates,loc,X1,[0.15881307]
n_1000_rep_34_dist_gaussian_homo_SNR_1_point_estimates,loc,X2,[0.09539957]
n_1000_rep_34_dist_gaussian_homo_SNR_1_point_estimates,loc,"spline(Z1, bs='bs', df=14)","[-0.05330347  0.11574177 -0.1316035  -0.03255244  0.02614145  0.29609445
  0.47494563 -0.19413139  0.22465622 -0.01206274 -0.62765086 -0.36425263
  0.17128797 -0.07259692]"
n_1000_rep_34_dist_gaussian_homo_SNR_1_point_estimates,loc,"spline(Z2, bs='bs', df=14)","[ 0.21549019 -0.14354803  0.10742237 -0.09683437 -0.52256477 -0.19868763
 -0.29303375  0.01506874 -0.01408196  0.25469714  0.16220544  0.30990136
  0.07957897  0.15024558]"
n_1000_rep_34_dist_gaussian_homo_SNR_1_point_estimates,scale,Intercept,[2.1064582]
