scenario_index,param_y,param_eta,value
n_1000_rep_33_dist_gaussian_homo_SNR_1_point_estimates,loc,Intercept,[0.5521806]
n_1000_rep_33_dist_gaussian_homo_SNR_1_point_estimates,loc,X1,[0.57019484]
n_1000_rep_33_dist_gaussian_homo_SNR_1_point_estimates,loc,X2,[0.37647146]
n_1000_rep_33_dist_gaussian_homo_SNR_1_point_estimates,loc,"spline(Z1, bs='bs', df=14)","[ 0.6512236  -0.27065063 -0.34131968  0.51919085  0.14455165  0.06290701
 -0.04661894 -0.36702254 -0.48048034 -0.60053504  0.5857168  -0.38905057
 -0.46158555  0.07067942]"
n_1000_rep_33_dist_gaussian_homo_SNR_1_point_estimates,loc,"spline(Z2, bs='bs', df=14)","[-0.41834843 -0.6842378  -0.2519192  -0.15077516  0.10391976  0.5080739
  0.34215552 -0.16478856 -0.24606307  0.12324949  0.0688713   0.33871993
  0.4685795   0.08858467]"
n_1000_rep_33_dist_gaussian_homo_SNR_1_point_estimates,scale,Intercept,[0.9280889]
