scenario_index,param_y,param_eta,value
n_1000_rep_35_dist_gaussian_homo_SNR_1_point_estimates,loc,Intercept,[0.02057005]
n_1000_rep_35_dist_gaussian_homo_SNR_1_point_estimates,loc,X1,[0.07570145]
n_1000_rep_35_dist_gaussian_homo_SNR_1_point_estimates,loc,X2,[0.14800926]
n_1000_rep_35_dist_gaussian_homo_SNR_1_point_estimates,loc,"spline(Z1, bs='bs', df=14)","[-0.04512451 -0.56479025 -0.3672832  -0.17081615 -0.37922394 -0.23730405
 -0.11084805  0.12042846  0.60860157  0.67931646  0.38697037  0.31944323
 -0.04044476 -0.5201975 ]"
n_1000_rep_35_dist_gaussian_homo_SNR_1_point_estimates,loc,"spline(Z2, bs='bs', df=14)","[ 0.28121617 -0.07954428  0.04319314 -0.09078556 -0.20870984 -0.4298471
  0.54656875  0.46165502  0.21335064  0.46545747 -0.16952828 -0.34494427
 -0.5004332  -0.24989934]"
n_1000_rep_35_dist_gaussian_homo_SNR_1_point_estimates,scale,Intercept,[2.7964504]
