scenario_index,param_y,param_eta,value
n_1000_rep_53_dist_gaussian_homo_SNR_1_point_estimates,loc,Intercept,[0.23865086]
n_1000_rep_53_dist_gaussian_homo_SNR_1_point_estimates,loc,X1,[0.33801088]
n_1000_rep_53_dist_gaussian_homo_SNR_1_point_estimates,loc,X2,[0.38974765]
n_1000_rep_53_dist_gaussian_homo_SNR_1_point_estimates,loc,"spline(Z1, bs='bs', df=14)","[ 0.17219216  0.2771589   0.43164235  0.61615634  0.05614914 -0.24211465
 -0.07659627 -0.40330726 -0.33994526 -0.2598623  -0.23131624  0.24416152
  0.03999761  0.05763214]"
n_1000_rep_53_dist_gaussian_homo_SNR_1_point_estimates,loc,"spline(Z2, bs='bs', df=14)","[ 0.48795208  0.34663552  0.44009107  0.53096634 -0.15640752 -0.5291326
  0.0690513  -0.19358331 -0.05677627 -0.1419253  -0.03708192  0.04874115
 -0.15883005 -0.59050053]"
n_1000_rep_53_dist_gaussian_homo_SNR_1_point_estimates,scale,Intercept,[1.390033]
