scenario_index,param_y,param_eta,value
n_1000_rep_49_dist_gaussian_homo_SNR_1_point_estimates,loc,Intercept,[0.08042538]
n_1000_rep_49_dist_gaussian_homo_SNR_1_point_estimates,loc,X1,[0.27856427]
n_1000_rep_49_dist_gaussian_homo_SNR_1_point_estimates,loc,X2,[0.09357654]
n_1000_rep_49_dist_gaussian_homo_SNR_1_point_estimates,loc,"spline(Z1, bs='bs', df=14)","[ 0.2053992  -0.05044241  0.01362363  0.01773152  0.02552759 -0.55534154
 -0.20200412  0.1831702   0.40845415  0.3401979   0.06726185  0.12768182
 -0.05701948 -0.03871429]"
n_1000_rep_49_dist_gaussian_homo_SNR_1_point_estimates,loc,"spline(Z2, bs='bs', df=14)","[ 0.22900122  0.3844212   0.7840716   0.03261964 -0.43907708 -0.35561714
 -0.2662809  -0.2746986   0.25444117  0.5345573   0.18611334  0.2107038
 -0.00269042 -0.32862386]"
n_1000_rep_49_dist_gaussian_homo_SNR_1_point_estimates,scale,Intercept,[2.3836997]
