scenario_index,param_y,param_eta,value
n_1000_rep_70_dist_gaussian_homo_SNR_1_point_estimates,loc,Intercept,[0.5120711]
n_1000_rep_70_dist_gaussian_homo_SNR_1_point_estimates,loc,X1,[0.2113785]
n_1000_rep_70_dist_gaussian_homo_SNR_1_point_estimates,loc,X2,[0.21555482]
n_1000_rep_70_dist_gaussian_homo_SNR_1_point_estimates,loc,"spline(Z1, bs='bs', df=14)","[ 0.02152899  0.25495404  0.03728598 -0.14114669  0.35685465  0.67472726
  0.50002265  0.21130118  0.07946537 -0.06803405 -0.3942922  -0.30554506
 -0.2243309  -0.3456492 ]"
n_1000_rep_70_dist_gaussian_homo_SNR_1_point_estimates,loc,"spline(Z2, bs='bs', df=14)","[-0.66727585 -0.34424657 -0.1539126  -0.29439446 -0.07890078 -0.31916013
 -0.36054346  0.15311702  0.44736326  0.28738818  0.34629092  0.01729237
  0.13678221 -0.2122564 ]"
n_1000_rep_70_dist_gaussian_homo_SNR_1_point_estimates,scale,Intercept,[1.0431652]
