scenario_index,param_y,param_eta,value
n_1000_rep_61_dist_gaussian_homo_SNR_1_point_estimates,loc,Intercept,[-0.17969908]
n_1000_rep_61_dist_gaussian_homo_SNR_1_point_estimates,loc,X1,[-0.03920693]
n_1000_rep_61_dist_gaussian_homo_SNR_1_point_estimates,loc,X2,[-0.01660846]
n_1000_rep_61_dist_gaussian_homo_SNR_1_point_estimates,loc,"spline(Z1, bs='bs', df=14)","[-0.01639743 -0.7035763  -0.34102926 -0.11350385  0.14183755  0.12997577
  0.01243267  0.02110892  0.09668966 -0.25980452  0.18207535 -0.0944441
  0.3824027  -0.15918623]"
n_1000_rep_61_dist_gaussian_homo_SNR_1_point_estimates,loc,"spline(Z2, bs='bs', df=14)","[ 0.25791055  0.06959452 -0.12159354 -0.35704067 -0.02019072  0.2829643
  0.14729002 -0.10047329 -0.14153562 -0.2828239   0.21355931  0.5639201
  0.01131751 -0.32592472]"
n_1000_rep_61_dist_gaussian_homo_SNR_1_point_estimates,scale,Intercept,[2.3857205]
