scenario_index,param_y,param_eta,value
n_1000_rep_67_dist_gaussian_homo_SNR_1_point_estimates,loc,Intercept,[-0.4262294]
n_1000_rep_67_dist_gaussian_homo_SNR_1_point_estimates,loc,X1,[-0.39740968]
n_1000_rep_67_dist_gaussian_homo_SNR_1_point_estimates,loc,X2,[-0.5255484]
n_1000_rep_67_dist_gaussian_homo_SNR_1_point_estimates,loc,"spline(Z1, bs='bs', df=14)","[-0.5787805  -0.34056786 -0.05081751 -0.0379306   0.2574296   0.56170917
  0.69505984  0.18942389 -0.42353243  0.05131755  0.18195252 -0.3609673
 -0.15213515 -0.31896648]"
n_1000_rep_67_dist_gaussian_homo_SNR_1_point_estimates,loc,"spline(Z2, bs='bs', df=14)","[-2.47322828e-01 -4.35311304e-05  1.75059006e-01 -3.42615359e-02
 -1.62358314e-01 -1.75959349e-01  1.62035406e-01  2.05467641e-01
  1.54608324e-01  1.01078555e-01  3.10799390e-01 -7.56136402e-02
 -1.13486007e-01  2.59265546e-02]"
n_1000_rep_67_dist_gaussian_homo_SNR_1_point_estimates,scale,Intercept,[1.8764397]
