scenario_index,param_y,param_eta,value
n_1000_rep_0_dist_gaussian_homo_SNR_1_point_estimates,loc,Intercept,[0.15271893]
n_1000_rep_0_dist_gaussian_homo_SNR_1_point_estimates,loc,X1,[-0.01015551]
n_1000_rep_0_dist_gaussian_homo_SNR_1_point_estimates,loc,X2,[-0.14629626]
n_1000_rep_0_dist_gaussian_homo_SNR_1_point_estimates,loc,"spline(Z1, bs='bs', df=14)","[-0.00708351 -0.4928509  -0.11786119 -0.33605605 -0.12685339  0.09601162
 -0.18545409 -0.18112664  0.35648343  0.42260808  0.22674252  0.09702328
  0.34213585  0.03799799]"
n_1000_rep_0_dist_gaussian_homo_SNR_1_point_estimates,loc,"spline(Z2, bs='bs', df=14)","[ 0.13502055  0.18193921 -0.26713082 -0.75668544 -0.01523692  0.06018374
 -0.09451244  0.11972129 -0.51765776 -0.24418977  0.78764033  0.2673465
 -0.14361127 -0.03976434]"
n_1000_rep_0_dist_gaussian_homo_SNR_1_point_estimates,scale,Intercept,[2.526629]
