scenario_index,param_y,param_eta,value
n_1000_rep_39_dist_gaussian_homo_SNR_1_point_estimates,loc,Intercept,[0.07023022]
n_1000_rep_39_dist_gaussian_homo_SNR_1_point_estimates,loc,X1,[0.06405737]
n_1000_rep_39_dist_gaussian_homo_SNR_1_point_estimates,loc,X2,[0.06601293]
n_1000_rep_39_dist_gaussian_homo_SNR_1_point_estimates,loc,"spline(Z1, bs='bs', df=14)","[-0.1006574   0.47650623  0.17003646 -0.10832601  0.05974511  0.09940051
 -0.19918531 -0.18532239 -0.23354386  0.15014456 -0.22916907 -0.04622001
 -0.37552947 -0.59757155]"
n_1000_rep_39_dist_gaussian_homo_SNR_1_point_estimates,loc,"spline(Z2, bs='bs', df=14)","[-0.12897752  0.11437275  0.22423317 -0.12094072 -0.12606679 -0.3644859
  0.24930948 -0.00359166 -0.08982228  0.08618868  0.18966947  0.2749586
  0.5015876  -0.09466871]"
n_1000_rep_39_dist_gaussian_homo_SNR_1_point_estimates,scale,Intercept,[1.6689684]
