scenario_index,param_y,param_eta,value
n_1000_rep_95_dist_gaussian_homo_SNR_1_point_estimates,loc,Intercept,[-0.28890443]
n_1000_rep_95_dist_gaussian_homo_SNR_1_point_estimates,loc,X1,[-0.28585693]
n_1000_rep_95_dist_gaussian_homo_SNR_1_point_estimates,loc,X2,[-0.19202588]
n_1000_rep_95_dist_gaussian_homo_SNR_1_point_estimates,loc,"spline(Z1, bs='bs', df=14)","[ 0.36156884  0.00635443 -0.0777768  -0.17810495 -0.11486568 -0.2574708
  0.2646134  -0.01367441 -0.18440792 -0.05890563  0.18574272  0.577076
 -0.03874207  0.26027378]"
n_1000_rep_95_dist_gaussian_homo_SNR_1_point_estimates,loc,"spline(Z2, bs='bs', df=14)","[ 0.13688718 -0.09573847 -0.358143   -0.14610055 -0.42257538 -0.31669006
 -0.18259895 -0.32914293 -0.2586033   0.35858822  0.45883256  0.6818949
  0.56968385  0.12009295]"
n_1000_rep_95_dist_gaussian_homo_SNR_1_point_estimates,scale,Intercept,[2.1934695]
