scenario_index,param_y,param_eta,value
n_1000_rep_64_dist_gaussian_homo_SNR_1_point_estimates,loc,Intercept,[0.35097477]
n_1000_rep_64_dist_gaussian_homo_SNR_1_point_estimates,loc,X1,[0.44847986]
n_1000_rep_64_dist_gaussian_homo_SNR_1_point_estimates,loc,X2,[0.503407]
n_1000_rep_64_dist_gaussian_homo_SNR_1_point_estimates,loc,"spline(Z1, bs='bs', df=14)","[-0.49096373 -0.38467166 -0.09355953  0.42902932  0.17909943 -0.02788968
  0.12394715  0.09241136  0.19324544  0.14528958 -0.20674914 -0.40918598
 -0.02906951 -0.2235704 ]"
n_1000_rep_64_dist_gaussian_homo_SNR_1_point_estimates,loc,"spline(Z2, bs='bs', df=14)","[-0.01580956  0.27014437  0.13642412  0.02985696 -0.5929784  -0.3025062
 -0.13277571  0.13381119  0.1304552  -0.12255214  0.3270521   0.09218477
  0.13179602  0.35426387]"
n_1000_rep_64_dist_gaussian_homo_SNR_1_point_estimates,scale,Intercept,[2.4427543]
