scenario_index,param_y,param_eta,value
n_1000_rep_36_dist_gaussian_homo_SNR_1_point_estimates,loc,Intercept,[-0.00485701]
n_1000_rep_36_dist_gaussian_homo_SNR_1_point_estimates,loc,X1,[-0.03571969]
n_1000_rep_36_dist_gaussian_homo_SNR_1_point_estimates,loc,X2,[0.31089145]
n_1000_rep_36_dist_gaussian_homo_SNR_1_point_estimates,loc,"spline(Z1, bs='bs', df=14)","[ 0.23426513 -0.23180938 -0.30690414  0.22504033  0.39020157 -0.20776415
 -0.4321548   0.5683644  -0.01508251 -0.08292258  0.28695774 -0.27809197
 -0.2749982  -0.15543343]"
n_1000_rep_36_dist_gaussian_homo_SNR_1_point_estimates,loc,"spline(Z2, bs='bs', df=14)","[ 0.3751265  -0.01311345  0.12350888  0.11409128 -0.17383774  0.13730912
 -0.31211457 -0.19313096 -0.32953092 -0.19810441  0.19695637  0.14822108
  0.71647185  0.05150085]"
n_1000_rep_36_dist_gaussian_homo_SNR_1_point_estimates,scale,Intercept,[1.6571747]
