scenario_index,param_y,param_eta,value
n_1000_rep_86_dist_gaussian_homo_SNR_1_point_estimates,loc,Intercept,[-0.13841343]
n_1000_rep_86_dist_gaussian_homo_SNR_1_point_estimates,loc,X1,[0.09032613]
n_1000_rep_86_dist_gaussian_homo_SNR_1_point_estimates,loc,X2,[-0.1748642]
n_1000_rep_86_dist_gaussian_homo_SNR_1_point_estimates,loc,"spline(Z1, bs='bs', df=14)","[ 0.48325586  0.3856359   0.15966648  0.06550489 -0.27115655 -0.16459505
 -0.12599272  0.5945294  -0.02268272 -0.25257823 -0.7048329  -0.12413037
  0.08317488 -0.13594282]"
n_1000_rep_86_dist_gaussian_homo_SNR_1_point_estimates,loc,"spline(Z2, bs='bs', df=14)","[-0.1369563   0.0532395   0.42813608  0.43820074 -0.21501704 -0.15876703
 -0.02112934 -0.09976751 -0.23303883 -0.26013964  0.04467962 -0.11524035
  0.03449398  0.19187091]"
n_1000_rep_86_dist_gaussian_homo_SNR_1_point_estimates,scale,Intercept,[2.5809789]
