scenario_index,param_y,param_eta,value
n_1000_rep_80_dist_gaussian_homo_SNR_1_point_estimates,loc,Intercept,[0.5500587]
n_1000_rep_80_dist_gaussian_homo_SNR_1_point_estimates,loc,X1,[0.524008]
n_1000_rep_80_dist_gaussian_homo_SNR_1_point_estimates,loc,X2,[0.29328042]
n_1000_rep_80_dist_gaussian_homo_SNR_1_point_estimates,loc,"spline(Z1, bs='bs', df=14)","[ 0.35365593 -0.24001275 -0.0015978   0.1405876  -0.03099428 -0.27920598
 -0.0051448   0.2330932   0.21797645 -0.4076644  -0.10866182  0.20303293
  0.2179047  -0.17078991]"
n_1000_rep_80_dist_gaussian_homo_SNR_1_point_estimates,loc,"spline(Z2, bs='bs', df=14)","[ 0.55234957 -0.24595475 -0.33039168  0.14378467 -0.10735726 -0.17557047
  0.11353955 -0.22594781 -0.1004974   0.24908316  0.17205897 -0.02725565
  0.09030003  0.25401324]"
n_1000_rep_80_dist_gaussian_homo_SNR_1_point_estimates,scale,Intercept,[1.5092205]
