scenario_index,param_y,param_eta,value
n_1000_rep_4_dist_gaussian_homo_SNR_1_point_estimates,loc,Intercept,[0.01546998]
n_1000_rep_4_dist_gaussian_homo_SNR_1_point_estimates,loc,X1,[0.02237161]
n_1000_rep_4_dist_gaussian_homo_SNR_1_point_estimates,loc,X2,[-0.07676744]
n_1000_rep_4_dist_gaussian_homo_SNR_1_point_estimates,loc,"spline(Z1, bs='bs', df=14)","[ 0.05378821  0.48342332  0.46483207  0.6350784   0.09922262 -0.23025854
 -0.4305862  -0.2805682  -0.72439665 -0.5238604   0.04193063  0.10444549
 -0.41897652  0.02773492]"
n_1000_rep_4_dist_gaussian_homo_SNR_1_point_estimates,loc,"spline(Z2, bs='bs', df=14)","[ 0.20839961 -0.09325702  0.19125997 -0.12038779 -0.01487966 -0.21195216
  0.21422349  0.18406183  0.15466037 -0.29335156 -0.48883036  0.29933697
  0.30612886  0.03474453]"
n_1000_rep_4_dist_gaussian_homo_SNR_1_point_estimates,scale,Intercept,[1.6516005]
