scenario_index,param_y,param_eta,value
n_1000_rep_41_dist_gaussian_homo_SNR_1_point_estimates,loc,Intercept,[0.1811073]
n_1000_rep_41_dist_gaussian_homo_SNR_1_point_estimates,loc,X1,[0.2910982]
n_1000_rep_41_dist_gaussian_homo_SNR_1_point_estimates,loc,X2,[0.09002571]
n_1000_rep_41_dist_gaussian_homo_SNR_1_point_estimates,loc,"spline(Z1, bs='bs', df=14)","[-0.04447611  0.07703837 -0.23135862 -0.29159614 -0.08119623 -0.15483361
 -0.21927106  0.35001522  0.55401796  0.15250319  0.08194548 -0.37664607
 -0.3047433   0.03457484]"
n_1000_rep_41_dist_gaussian_homo_SNR_1_point_estimates,loc,"spline(Z2, bs='bs', df=14)","[-0.01266633 -0.05071211  0.37642685  0.3440076  -0.3061426  -0.27202287
  0.28898814  0.11074293  0.00275117  0.2912582  -0.39195248 -0.548298
 -0.26197058  0.42357415]"
n_1000_rep_41_dist_gaussian_homo_SNR_1_point_estimates,scale,Intercept,[1.2470392]
