scenario_index,param_y,param_eta,value
n_1000_rep_68_dist_gaussian_homo_SNR_1_point_estimates,loc,Intercept,[0.29748878]
n_1000_rep_68_dist_gaussian_homo_SNR_1_point_estimates,loc,X1,[0.24967772]
n_1000_rep_68_dist_gaussian_homo_SNR_1_point_estimates,loc,X2,[0.16440703]
n_1000_rep_68_dist_gaussian_homo_SNR_1_point_estimates,loc,"spline(Z1, bs='bs', df=14)","[ 0.4256481   0.04440411 -0.34544078  0.13704704 -0.27967104 -0.1640916
 -0.4581377  -0.05369745 -0.16138867 -0.168555    0.10894763  0.55287176
  0.38528445  0.24822173]"
n_1000_rep_68_dist_gaussian_homo_SNR_1_point_estimates,loc,"spline(Z2, bs='bs', df=14)","[ 0.04200988 -0.29450622  0.11776369  0.02591486 -0.17682472 -0.0461778
  0.23678027  0.11060259 -0.03409974 -0.22728106  0.51281005  0.20262267
 -0.27454668  0.06548306]"
n_1000_rep_68_dist_gaussian_homo_SNR_1_point_estimates,scale,Intercept,[2.471317]
