scenario_index,param_y,param_eta,value
n_1000_rep_27_dist_gaussian_homo_SNR_1_point_estimates,loc,Intercept,[0.18249366]
n_1000_rep_27_dist_gaussian_homo_SNR_1_point_estimates,loc,X1,[0.02226016]
n_1000_rep_27_dist_gaussian_homo_SNR_1_point_estimates,loc,X2,[0.05913511]
n_1000_rep_27_dist_gaussian_homo_SNR_1_point_estimates,loc,"spline(Z1, bs='bs', df=14)","[-0.42674193 -0.2643128  -0.14047156  0.49469975  0.6247227  -0.47542948
 -0.52615976 -0.5304592   0.24642603  0.36184385 -0.21497856  0.15936105
  0.29324776  0.6380799 ]"
n_1000_rep_27_dist_gaussian_homo_SNR_1_point_estimates,loc,"spline(Z2, bs='bs', df=14)","[-0.00140766 -0.34353608 -0.1653556   0.05074483  0.4661974   0.13204777
 -0.07668145  0.03758439 -0.18218362 -0.2901938   0.05193891  0.64059484
  0.03046094 -0.05117875]"
n_1000_rep_27_dist_gaussian_homo_SNR_1_point_estimates,scale,Intercept,[1.1648932]
