scenario_index,param_y,param_eta,value
n_1000_rep_13_dist_gaussian_homo_SNR_1_point_estimates,loc,Intercept,[0.1956504]
n_1000_rep_13_dist_gaussian_homo_SNR_1_point_estimates,loc,X1,[0.0832295]
n_1000_rep_13_dist_gaussian_homo_SNR_1_point_estimates,loc,X2,[0.12184046]
n_1000_rep_13_dist_gaussian_homo_SNR_1_point_estimates,loc,"spline(Z1, bs='bs', df=14)","[-0.04069923 -0.324457   -0.2168289  -0.01249083 -0.19656774 -0.15020719
  0.0746147   0.07426921 -0.00213312 -0.18829338  0.11870359  0.25771093
  0.48880962  0.13782097]"
n_1000_rep_13_dist_gaussian_homo_SNR_1_point_estimates,loc,"spline(Z2, bs='bs', df=14)","[-0.35993686 -0.26667625  0.22581565  0.569902    0.29631832  0.0519028
 -0.37631053 -0.26572418 -0.18030259  0.05649595  0.21388002  0.13309453
 -0.17384735 -0.10712422]"
n_1000_rep_13_dist_gaussian_homo_SNR_1_point_estimates,scale,Intercept,[1.517185]
