scenario_index,param_y,param_eta,value
n_1000_rep_11_dist_gaussian_homo_SNR_1_point_estimates,loc,Intercept,[0.08496525]
n_1000_rep_11_dist_gaussian_homo_SNR_1_point_estimates,loc,X1,[-0.12791482]
n_1000_rep_11_dist_gaussian_homo_SNR_1_point_estimates,loc,X2,[0.1114103]
n_1000_rep_11_dist_gaussian_homo_SNR_1_point_estimates,loc,"spline(Z1, bs='bs', df=14)","[-0.17887963  0.48027816  0.02170438 -0.28534713 -0.10320733 -0.27493045
 -0.0080638   0.41314268 -0.68038464 -0.5303617  -0.04642978  0.5164918
  0.20198989  0.48471212]"
n_1000_rep_11_dist_gaussian_homo_SNR_1_point_estimates,loc,"spline(Z2, bs='bs', df=14)","[ 0.02689059 -0.17144515 -0.13109447 -0.36753368 -0.3621316   0.5647448
  0.24771804 -0.11333355  0.24247381  0.3210126   0.14427762 -0.35072812
 -0.03500964  0.09310971]"
n_1000_rep_11_dist_gaussian_homo_SNR_1_point_estimates,scale,Intercept,[2.0918639]
