scenario_index,param_y,param_eta,value
n_1000_rep_29_dist_gaussian_homo_SNR_1_point_estimates,loc,Intercept,[0.10401627]
n_1000_rep_29_dist_gaussian_homo_SNR_1_point_estimates,loc,X1,[0.13405187]
n_1000_rep_29_dist_gaussian_homo_SNR_1_point_estimates,loc,X2,[-0.08923218]
n_1000_rep_29_dist_gaussian_homo_SNR_1_point_estimates,loc,"spline(Z1, bs='bs', df=14)","[-0.40665674 -0.17974518 -0.3255905  -0.35869783  0.4150562   0.78744036
  0.32008758  0.04878733 -0.17642091 -0.72147006 -0.27181286  0.11376133
  0.63826144  0.4281649 ]"
n_1000_rep_29_dist_gaussian_homo_SNR_1_point_estimates,loc,"spline(Z2, bs='bs', df=14)","[-0.02124645 -0.04890348  0.16887876  0.09679192 -0.12598531 -0.3140255
 -0.2003775   0.26062572  0.26596808 -0.07410097  0.08391859 -0.14618488
  0.20316945  0.0034261 ]"
n_1000_rep_29_dist_gaussian_homo_SNR_1_point_estimates,scale,Intercept,[1.8928053]
