scenario_index,param_y,param_eta,value
n_1000_rep_16_dist_gaussian_homo_SNR_1_point_estimates,loc,Intercept,[-0.6054132]
n_1000_rep_16_dist_gaussian_homo_SNR_1_point_estimates,loc,X1,[-0.48180962]
n_1000_rep_16_dist_gaussian_homo_SNR_1_point_estimates,loc,X2,[-0.5679278]
n_1000_rep_16_dist_gaussian_homo_SNR_1_point_estimates,loc,"spline(Z1, bs='bs', df=14)","[-0.07530472  0.3702463   0.14477637 -0.09123552  0.2294135   0.02462633
  0.14575939 -0.5942954  -0.4916204  -0.27569282  0.15930493  0.35111985
 -0.03698557  0.5447622 ]"
n_1000_rep_16_dist_gaussian_homo_SNR_1_point_estimates,loc,"spline(Z2, bs='bs', df=14)","[-0.06365012 -0.09337974  0.13685034 -0.0405206  -0.05468559  0.08254051
 -0.16895778 -0.21744081  0.07368103 -0.22585689  0.50306386  0.23810257
  0.3581916  -0.28867245]"
n_1000_rep_16_dist_gaussian_homo_SNR_1_point_estimates,scale,Intercept,[1.681396]
