scenario_index,param_y,param_eta,value
n_1000_rep_32_dist_gaussian_homo_SNR_1_point_estimates,loc,Intercept,[0.1584983]
n_1000_rep_32_dist_gaussian_homo_SNR_1_point_estimates,loc,X1,[-0.05144659]
n_1000_rep_32_dist_gaussian_homo_SNR_1_point_estimates,loc,X2,[0.18360104]
n_1000_rep_32_dist_gaussian_homo_SNR_1_point_estimates,loc,"spline(Z1, bs='bs', df=14)","[ 0.11358988 -0.30824214 -0.5143217  -0.64295727 -0.15056357 -0.01797716
  0.17326872  0.61877006  0.5100188  -0.0155272   0.06343262 -0.1218892
 -0.07575216 -0.300583  ]"
n_1000_rep_32_dist_gaussian_homo_SNR_1_point_estimates,loc,"spline(Z2, bs='bs', df=14)","[ 0.5310453   0.46250984  0.11092757  0.05765989 -0.11611338 -0.69880444
 -0.1414924  -0.09762383  0.06705322 -0.07314496 -0.30742374 -0.22829726
  0.18232736  0.3384288 ]"
n_1000_rep_32_dist_gaussian_homo_SNR_1_point_estimates,scale,Intercept,[2.107959]
