scenario_index,param_y,param_eta,value
n_1000_rep_22_dist_gaussian_homo_SNR_1_point_estimates,loc,Intercept,[0.18018425]
n_1000_rep_22_dist_gaussian_homo_SNR_1_point_estimates,loc,X1,[0.11695786]
n_1000_rep_22_dist_gaussian_homo_SNR_1_point_estimates,loc,X2,[0.19863552]
n_1000_rep_22_dist_gaussian_homo_SNR_1_point_estimates,loc,"spline(Z1, bs='bs', df=14)","[-0.60358214 -0.31740937  0.00927247 -0.0272917   0.24500123  0.7001698
  0.01467606 -0.23915887  0.44735768 -0.45257345 -0.8153008  -0.48039544
 -0.13586926  0.6452495 ]"
n_1000_rep_22_dist_gaussian_homo_SNR_1_point_estimates,loc,"spline(Z2, bs='bs', df=14)","[-0.16154644 -0.08478778  0.03083209 -0.33638355 -1.0161715  -0.19193839
 -0.04921901  0.3087198   0.12069411  0.11325273  0.3806101   0.5592713
  0.2314249  -0.08452234]"
n_1000_rep_22_dist_gaussian_homo_SNR_1_point_estimates,scale,Intercept,[2.7021677]
