scenario_index,param_y,param_eta,value
n_1000_rep_50_dist_gaussian_homo_SNR_1_point_estimates,loc,Intercept,[0.04628339]
n_1000_rep_50_dist_gaussian_homo_SNR_1_point_estimates,loc,X1,[0.01826648]
n_1000_rep_50_dist_gaussian_homo_SNR_1_point_estimates,loc,X2,[-0.11888853]
n_1000_rep_50_dist_gaussian_homo_SNR_1_point_estimates,loc,"spline(Z1, bs='bs', df=14)","[-0.26083934  0.00956905  0.56975085  0.3986311  -0.14364986 -0.45516375
 -0.01753638  0.42817852 -0.05382884 -0.23348251  0.18827295  0.24227348
 -0.3648851  -0.0945887 ]"
n_1000_rep_50_dist_gaussian_homo_SNR_1_point_estimates,loc,"spline(Z2, bs='bs', df=14)","[ 0.41969272  0.01159661 -0.14548224 -0.0254973  -0.27494463  0.50980014
  0.30858338  0.11949872  0.04469957 -0.4654499  -0.28555402  0.30948052
 -0.25179696 -0.28556725]"
n_1000_rep_50_dist_gaussian_homo_SNR_1_point_estimates,scale,Intercept,[2.8194227]
