scenario_index,param_y,param_eta,value
n_1000_rep_58_dist_gaussian_homo_SNR_1_point_estimates,loc,Intercept,[-0.17715864]
n_1000_rep_58_dist_gaussian_homo_SNR_1_point_estimates,loc,X1,[-0.3707784]
n_1000_rep_58_dist_gaussian_homo_SNR_1_point_estimates,loc,X2,[-0.22586115]
n_1000_rep_58_dist_gaussian_homo_SNR_1_point_estimates,loc,"spline(Z1, bs='bs', df=14)","[ 0.0041227  -0.31313765 -0.03784606  0.12840295 -0.06037806  0.00446593
 -0.08021688  0.12012841  0.2828427   0.1820427  -0.11862959 -0.13942967
 -0.18521859 -0.28204754]"
n_1000_rep_58_dist_gaussian_homo_SNR_1_point_estimates,loc,"spline(Z2, bs='bs', df=14)","[-0.04938053  0.0702406  -0.25149488 -0.12500425 -0.13601701  0.11434933
  0.02174997  0.1460407  -0.29661345 -0.49779034  0.10531407  0.39290696
  0.780917    0.70369583]"
n_1000_rep_58_dist_gaussian_homo_SNR_1_point_estimates,scale,Intercept,[2.424663]
