scenario_index,param_y,param_eta,value
n_1000_rep_62_dist_gaussian_homo_SNR_1_point_estimates,loc,Intercept,[-0.17458136]
n_1000_rep_62_dist_gaussian_homo_SNR_1_point_estimates,loc,X1,[0.12487954]
n_1000_rep_62_dist_gaussian_homo_SNR_1_point_estimates,loc,X2,[0.05361682]
n_1000_rep_62_dist_gaussian_homo_SNR_1_point_estimates,loc,"spline(Z1, bs='bs', df=14)","[-0.01113756  0.06842904 -0.09092239 -0.24165209  0.09606095  0.07005822
 -0.04612737  0.1249817  -0.5221037   0.11901481 -0.05635201  0.05088916
  0.02655738  0.42108592]"
n_1000_rep_62_dist_gaussian_homo_SNR_1_point_estimates,loc,"spline(Z2, bs='bs', df=14)","[ 0.012626   -0.24299648 -0.16272046 -0.08785383 -0.20795894 -0.29774967
 -0.24779598  0.074256   -0.08542519  0.09593793  0.3150421   0.13618523
  0.17587842  0.5486141 ]"
n_1000_rep_62_dist_gaussian_homo_SNR_1_point_estimates,scale,Intercept,[2.7746198]
