scenario_index,param_y,param_eta,value
n_1000_rep_18_dist_gaussian_homo_SNR_1_point_estimates,loc,Intercept,[-0.04383143]
n_1000_rep_18_dist_gaussian_homo_SNR_1_point_estimates,loc,X1,[-0.18541656]
n_1000_rep_18_dist_gaussian_homo_SNR_1_point_estimates,loc,X2,[-0.0183333]
n_1000_rep_18_dist_gaussian_homo_SNR_1_point_estimates,loc,"spline(Z1, bs='bs', df=14)","[-0.05336093 -0.2057544   0.04140006  0.46938956  0.05724137 -0.5771042
 -0.21217842  0.18682855 -0.42422268 -0.23922728 -0.08610871  0.19919875
  0.52684087  0.43408334]"
n_1000_rep_18_dist_gaussian_homo_SNR_1_point_estimates,loc,"spline(Z2, bs='bs', df=14)","[-0.50371075  0.48358092  0.39875525  0.12555866 -0.07982098 -0.3628549
 -0.29073706  0.03036783  0.05241926 -0.40668103 -0.25350708  0.2795727
  0.38186333  0.12294082]"
n_1000_rep_18_dist_gaussian_homo_SNR_1_point_estimates,scale,Intercept,[1.3178147]
