scenario_index,param_y,param_eta,value
n_1000_rep_91_dist_gaussian_homo_SNR_1_point_estimates,loc,Intercept,[-0.02298013]
n_1000_rep_91_dist_gaussian_homo_SNR_1_point_estimates,loc,X1,[-0.08431852]
n_1000_rep_91_dist_gaussian_homo_SNR_1_point_estimates,loc,X2,[0.33956456]
n_1000_rep_91_dist_gaussian_homo_SNR_1_point_estimates,loc,"spline(Z1, bs='bs', df=14)","[ 0.47849151 -0.20572211 -0.80366683 -0.57278526 -0.0901172  -0.05024178
  0.30247805  0.15160213 -0.40295002  0.7324859   0.46319464  0.5580739
  0.13333376  0.01185771]"
n_1000_rep_91_dist_gaussian_homo_SNR_1_point_estimates,loc,"spline(Z2, bs='bs', df=14)","[ 0.37800503  0.68504304  0.26416442  0.05089218 -0.15714519 -0.23640567
 -0.66819257 -0.5310371  -0.27808133 -0.14087506  0.3127635   0.42303118
  0.11155909 -0.10663357]"
n_1000_rep_91_dist_gaussian_homo_SNR_1_point_estimates,scale,Intercept,[0.97806865]
