scenario_index,param_y,param_eta,value
n_1000_rep_54_dist_gaussian_homo_SNR_1_point_estimates,loc,Intercept,[-0.01724788]
n_1000_rep_54_dist_gaussian_homo_SNR_1_point_estimates,loc,X1,[-0.34932572]
n_1000_rep_54_dist_gaussian_homo_SNR_1_point_estimates,loc,X2,[0.11486211]
n_1000_rep_54_dist_gaussian_homo_SNR_1_point_estimates,loc,"spline(Z1, bs='bs', df=14)","[ 0.1074165   0.2428731   0.2687564   0.3504077  -0.10323332 -0.23148766
 -0.10326873 -0.05856025 -0.16382366  0.07001548  0.44004586  0.07771824
 -0.10581657 -0.12632863]"
n_1000_rep_54_dist_gaussian_homo_SNR_1_point_estimates,loc,"spline(Z2, bs='bs', df=14)","[ 0.43298885  0.6339614   0.5752614   0.13123606  0.02425098  0.07417949
 -0.35403818 -0.16654891  0.49595377 -0.04531498 -0.32552385 -0.5873027
 -0.26097864 -0.3995136 ]"
n_1000_rep_54_dist_gaussian_homo_SNR_1_point_estimates,scale,Intercept,[2.6602173]
