scenario_index,param_y,param_eta,value
n_1000_rep_17_dist_gaussian_homo_SNR_1_point_estimates,loc,Intercept,[0.03214217]
n_1000_rep_17_dist_gaussian_homo_SNR_1_point_estimates,loc,X1,[-0.08657108]
n_1000_rep_17_dist_gaussian_homo_SNR_1_point_estimates,loc,X2,[0.14667895]
n_1000_rep_17_dist_gaussian_homo_SNR_1_point_estimates,loc,"spline(Z1, bs='bs', df=14)","[-0.22985195 -0.3001573   0.55140984  0.33934128  0.0590478   0.00602442
  0.36635226  0.4206784  -0.07485811 -0.69440734 -0.29469526 -0.26948464
 -0.20182633  0.1501162 ]"
n_1000_rep_17_dist_gaussian_homo_SNR_1_point_estimates,loc,"spline(Z2, bs='bs', df=14)","[-0.37652677 -0.3146696   0.2310066   0.67788917  0.21801642 -0.141352
 -0.05322409 -0.2388562  -0.16730215  0.40901738 -0.16083436 -0.36598012
  0.12800264  0.02336351]"
n_1000_rep_17_dist_gaussian_homo_SNR_1_point_estimates,scale,Intercept,[1.08805]
