scenario_index,param_y,param_eta,value
n_1000_rep_23_dist_gaussian_homo_SNR_1_point_estimates,loc,Intercept,[-0.18820041]
n_1000_rep_23_dist_gaussian_homo_SNR_1_point_estimates,loc,X1,[0.01359422]
n_1000_rep_23_dist_gaussian_homo_SNR_1_point_estimates,loc,X2,[-0.23262744]
n_1000_rep_23_dist_gaussian_homo_SNR_1_point_estimates,loc,"spline(Z1, bs='bs', df=14)","[ 0.18470703 -0.131419   -0.3643655  -0.18389186 -0.30530623 -0.18147798
 -0.07315185  0.46901387  0.43475989  0.31513467  0.35599488  0.03897057
 -0.2317931  -0.05347802]"
n_1000_rep_23_dist_gaussian_homo_SNR_1_point_estimates,loc,"spline(Z2, bs='bs', df=14)","[-0.05738399 -0.03528618 -0.15516606 -0.2139528  -0.45012423 -0.18546194
 -0.11348614 -0.24773826  0.5491496   0.15003598 -0.11357016  0.32634187
  0.51263356  0.17861734]"
n_1000_rep_23_dist_gaussian_homo_SNR_1_point_estimates,scale,Intercept,[2.7129657]
