scenario_index,param_y,param_eta,value
n_1000_rep_99_dist_gaussian_homo_SNR_1_point_estimates,loc,Intercept,[-0.13026054]
n_1000_rep_99_dist_gaussian_homo_SNR_1_point_estimates,loc,X1,[0.11285473]
n_1000_rep_99_dist_gaussian_homo_SNR_1_point_estimates,loc,X2,[-0.08301115]
n_1000_rep_99_dist_gaussian_homo_SNR_1_point_estimates,loc,"spline(Z1, bs='bs', df=14)","[-0.23556013 -0.3943599  -0.47816712  0.44775686 -0.05756279 -0.3868462
  0.21642369  0.40925753  0.45475125 -0.26253176 -0.212675    0.26450044
  0.42408487 -0.23748468]"
n_1000_rep_99_dist_gaussian_homo_SNR_1_point_estimates,loc,"spline(Z2, bs='bs', df=14)","[-0.05363591 -0.18448639  0.04646549  0.59690505  0.28154558 -0.29684812
 -0.31405744 -0.29020888 -0.14488697 -0.35616428  0.3534534   0.3179653
  0.3983611  -0.32962754]"
n_1000_rep_99_dist_gaussian_homo_SNR_1_point_estimates,scale,Intercept,[2.734537]
