scenario_index,param_y,param_eta,value
n_1000_rep_84_dist_gaussian_homo_SNR_1_point_estimates,loc,Intercept,[-0.25447065]
n_1000_rep_84_dist_gaussian_homo_SNR_1_point_estimates,loc,X1,[-0.21056533]
n_1000_rep_84_dist_gaussian_homo_SNR_1_point_estimates,loc,X2,[-0.21159033]
n_1000_rep_84_dist_gaussian_homo_SNR_1_point_estimates,loc,"spline(Z1, bs='bs', df=14)","[-0.28549135 -0.27559835  0.07718828 -0.08205345  0.14646834  0.521597
  0.5041332   0.40417987 -0.10606457 -0.67866105 -0.33673197  0.04749456
 -0.31380528 -0.1243315 ]"
n_1000_rep_84_dist_gaussian_homo_SNR_1_point_estimates,loc,"spline(Z2, bs='bs', df=14)","[ 0.1280625  -0.13684927 -0.6876136  -0.33325854  0.2686309   0.5786036
  0.72472984 -0.22073875 -0.27259248 -0.06227772 -0.12730753  0.11959519
  0.41065735  0.4468016 ]"
n_1000_rep_84_dist_gaussian_homo_SNR_1_point_estimates,scale,Intercept,[1.2558168]
