scenario_index,param_y,param_eta,value
n_1000_rep_82_dist_gaussian_homo_SNR_1_point_estimates,loc,Intercept,[0.56447667]
n_1000_rep_82_dist_gaussian_homo_SNR_1_point_estimates,loc,X1,[0.55002606]
n_1000_rep_82_dist_gaussian_homo_SNR_1_point_estimates,loc,X2,[0.46620044]
n_1000_rep_82_dist_gaussian_homo_SNR_1_point_estimates,loc,"spline(Z1, bs='bs', df=14)","[ 0.30079368  0.36236635  0.20507996 -0.19538325  0.41038668  0.46899262
 -0.12594523 -0.647262   -0.7937921  -0.22775681  0.27451164 -0.02797794
 -0.2661938   0.10159712]"
n_1000_rep_82_dist_gaussian_homo_SNR_1_point_estimates,loc,"spline(Z2, bs='bs', df=14)","[-0.11504998 -0.36384976 -0.4119937  -0.30967405 -0.13686234 -0.12608536
  0.1441354   0.4892877   0.14128499 -0.29338652  0.05189412  0.37484044
  0.41711837  0.32764703]"
n_1000_rep_82_dist_gaussian_homo_SNR_1_point_estimates,scale,Intercept,[1.5059731]
