scenario_index,param_y,param_eta,value
n_1000_rep_71_dist_gaussian_homo_SNR_1_point_estimates,loc,Intercept,[0.00333022]
n_1000_rep_71_dist_gaussian_homo_SNR_1_point_estimates,loc,X1,[-0.05551835]
n_1000_rep_71_dist_gaussian_homo_SNR_1_point_estimates,loc,X2,[0.18637769]
n_1000_rep_71_dist_gaussian_homo_SNR_1_point_estimates,loc,"spline(Z1, bs='bs', df=14)","[ 0.40546593  0.44683024  0.31911913  0.2650536   0.645653    0.3229545
 -0.6614932  -0.54818374 -0.38054353  0.08016168  0.15280998 -0.26380703
 -0.13525176 -0.0382939 ]"
n_1000_rep_71_dist_gaussian_homo_SNR_1_point_estimates,loc,"spline(Z2, bs='bs', df=14)","[-0.48187923 -0.34628415 -0.37994322 -0.28834873  0.3983547   0.4037004
 -0.39738294 -0.51317984 -0.00300202  0.1318747   0.30940992  0.20253107
  0.47600248  0.6452547 ]"
n_1000_rep_71_dist_gaussian_homo_SNR_1_point_estimates,scale,Intercept,[1.9097717]
