scenario_index,param_y,param_eta,value
n_100_rep_67_dist_gaussian_homo_SNR_1_point_estimates,loc,Intercept,[0.10818009]
n_100_rep_67_dist_gaussian_homo_SNR_1_point_estimates,loc,X1,[0.01922561]
n_100_rep_67_dist_gaussian_homo_SNR_1_point_estimates,loc,X2,[0.03597283]
n_100_rep_67_dist_gaussian_homo_SNR_1_point_estimates,loc,"spline(Z1, bs='bs', df=14)","[-0.01452854 -0.23603128 -0.15424746  0.10120516  0.02299727  0.10076478
  0.13390529 -0.02811443 -0.13548411 -0.00415083 -0.10760833 -0.07039296
  0.21816705  0.2430739 ]"
n_100_rep_67_dist_gaussian_homo_SNR_1_point_estimates,loc,"spline(Z2, bs='bs', df=14)","[-0.15380977 -0.0136552  -0.20225863 -0.22864096  0.00810909 -0.02781748
  0.11217578  0.055318    0.1437474   0.02642762  0.00752422 -0.23446053
 -0.1194583  -0.10088666]"
n_100_rep_67_dist_gaussian_homo_SNR_1_point_estimates,scale,Intercept,[0.22268787]
