scenario_index,param_y,param_eta,value
n_100_rep_88_dist_gaussian_homo_SNR_1_point_estimates,loc,Intercept,[-0.0029613]
n_100_rep_88_dist_gaussian_homo_SNR_1_point_estimates,loc,X1,[0.24180041]
n_100_rep_88_dist_gaussian_homo_SNR_1_point_estimates,loc,X2,[-0.11185082]
n_100_rep_88_dist_gaussian_homo_SNR_1_point_estimates,loc,"spline(Z1, bs='bs', df=14)","[-0.20116822  0.13541907  0.07404454  0.20349683 -0.2715557   0.08101557
 -0.03791299  0.04730756  0.0992612   0.08663    -0.2210887   0.06618963
  0.26946875  0.20403658]"
n_100_rep_88_dist_gaussian_homo_SNR_1_point_estimates,loc,"spline(Z2, bs='bs', df=14)","[ 0.02015726  0.22515479  0.0050769  -0.23638883  0.2406632   0.05825661
  0.03293632  0.1724579  -0.06799434 -0.01872749  0.03341685  0.01130535
 -0.04288479  0.03050139]"
n_100_rep_88_dist_gaussian_homo_SNR_1_point_estimates,scale,Intercept,[0.38559133]
