scenario_index,param_y,param_eta,value
n_100_rep_63_dist_gaussian_homo_SNR_1_point_estimates,loc,Intercept,[-0.10155522]
n_100_rep_63_dist_gaussian_homo_SNR_1_point_estimates,loc,X1,[0.01919345]
n_100_rep_63_dist_gaussian_homo_SNR_1_point_estimates,loc,X2,[0.18010591]
n_100_rep_63_dist_gaussian_homo_SNR_1_point_estimates,loc,"spline(Z1, bs='bs', df=14)","[-0.05943622 -0.06924608  0.21923533  0.16681725  0.0837601  -0.24438015
 -0.22039022  0.0600008   0.00325008  0.20647447 -0.07903619 -0.02462398
 -0.12607193 -0.26541647]"
n_100_rep_63_dist_gaussian_homo_SNR_1_point_estimates,loc,"spline(Z2, bs='bs', df=14)","[-0.18820038  0.05941552  0.19658236  0.04395827  0.19003315  0.25186366
  0.21159858 -0.23461866 -0.03878494  0.2267811   0.04650982  0.03926152
  0.08251038 -0.07496567]"
n_100_rep_63_dist_gaussian_homo_SNR_1_point_estimates,scale,Intercept,[-0.12508279]
