scenario_index,param_y,param_eta,value
n_100_rep_78_dist_gaussian_homo_SNR_1_point_estimates,loc,Intercept,[0.15028772]
n_100_rep_78_dist_gaussian_homo_SNR_1_point_estimates,loc,X1,[0.15558302]
n_100_rep_78_dist_gaussian_homo_SNR_1_point_estimates,loc,X2,[0.1952572]
n_100_rep_78_dist_gaussian_homo_SNR_1_point_estimates,loc,"spline(Z1, bs='bs', df=14)","[ 0.10532193 -0.04460957 -0.24721727  0.0113863  -0.16274738 -0.09412579
 -0.07057063  0.07269944 -0.13608132  0.06053954  0.08194899 -0.00283688
  0.02858005  0.05557615]"
n_100_rep_78_dist_gaussian_homo_SNR_1_point_estimates,loc,"spline(Z2, bs='bs', df=14)","[-0.00994939  0.02055561  0.1334209   0.04553708  0.00203229  0.05760771
  0.2946273   0.03649248  0.07620016  0.05674458  0.05819697  0.02339069
 -0.01225219  0.21023646]"
n_100_rep_78_dist_gaussian_homo_SNR_1_point_estimates,scale,Intercept,[0.9742448]
