scenario_index,param_y,param_eta,value
n_100_rep_38_dist_gaussian_homo_SNR_1_point_estimates,loc,Intercept,[0.19964898]
n_100_rep_38_dist_gaussian_homo_SNR_1_point_estimates,loc,X1,[0.07120191]
n_100_rep_38_dist_gaussian_homo_SNR_1_point_estimates,loc,X2,[-0.00638553]
n_100_rep_38_dist_gaussian_homo_SNR_1_point_estimates,loc,"spline(Z1, bs='bs', df=14)","[ 0.01446549 -0.18605694 -0.06524014  0.08792406  0.13088788  0.06644708
  0.2342825  -0.01323481  0.12711802  0.0704459   0.10856763 -0.2165629
 -0.17620622 -0.13808566]"
n_100_rep_38_dist_gaussian_homo_SNR_1_point_estimates,loc,"spline(Z2, bs='bs', df=14)","[ 0.11553571 -0.03776571  0.0739429  -0.02346855 -0.09666727 -0.0452601
 -0.22269496  0.02020074  0.09372018 -0.0627971  -0.15769891  0.05306472
  0.25670472 -0.00899032]"
n_100_rep_38_dist_gaussian_homo_SNR_1_point_estimates,scale,Intercept,[-0.81294775]
