scenario_index,param_y,param_eta,value
n_100_rep_27_dist_gaussian_homo_SNR_1_point_estimates,loc,Intercept,[-0.09876384]
n_100_rep_27_dist_gaussian_homo_SNR_1_point_estimates,loc,X1,[-0.16449744]
n_100_rep_27_dist_gaussian_homo_SNR_1_point_estimates,loc,X2,[-0.21911225]
n_100_rep_27_dist_gaussian_homo_SNR_1_point_estimates,loc,"spline(Z1, bs='bs', df=14)","[-0.19661528 -0.16541179 -0.19422348 -0.00115388 -0.04038754  0.01320737
 -0.07463245  0.20918478  0.04808599  0.14657094  0.11185697 -0.11338809
  0.22053762  0.08803836]"
n_100_rep_27_dist_gaussian_homo_SNR_1_point_estimates,loc,"spline(Z2, bs='bs', df=14)","[ 0.19949172  0.04187866 -0.06031089 -0.15501548 -0.04966452 -0.18967627
  0.0449532   0.00710587  0.20532584 -0.01142164 -0.19391097  0.17466629
  0.16790728 -0.04996219]"
n_100_rep_27_dist_gaussian_homo_SNR_1_point_estimates,scale,Intercept,[0.92276627]
