scenario_index,param_y,param_eta,value
n_100_rep_50_dist_gaussian_homo_SNR_1_point_estimates,loc,Intercept,[-0.02627101]
n_100_rep_50_dist_gaussian_homo_SNR_1_point_estimates,loc,X1,[-0.16871288]
n_100_rep_50_dist_gaussian_homo_SNR_1_point_estimates,loc,X2,[-0.04358051]
n_100_rep_50_dist_gaussian_homo_SNR_1_point_estimates,loc,"spline(Z1, bs='bs', df=14)","[ 0.27335384  0.05892668  0.06498675  0.25614566  0.1656096   0.06430528
  0.12330371  0.03868858 -0.10086726  0.02844254 -0.1618727   0.02487339
 -0.16687003 -0.16321142]"
n_100_rep_50_dist_gaussian_homo_SNR_1_point_estimates,loc,"spline(Z2, bs='bs', df=14)","[-0.21348877  0.06903038 -0.15499216 -0.19066435  0.01154047 -0.11730073
 -0.06984377 -0.1843647  -0.18365236 -0.18952037  0.11447885  0.0172024
  0.24943073  0.18788397]"
n_100_rep_50_dist_gaussian_homo_SNR_1_point_estimates,scale,Intercept,[-0.13827512]
