scenario_index,param_y,param_eta,value
n_100_rep_73_dist_gaussian_homo_SNR_1_point_estimates,loc,Intercept,[0.04156209]
n_100_rep_73_dist_gaussian_homo_SNR_1_point_estimates,loc,X1,[-0.08871327]
n_100_rep_73_dist_gaussian_homo_SNR_1_point_estimates,loc,X2,[-0.16360512]
n_100_rep_73_dist_gaussian_homo_SNR_1_point_estimates,loc,"spline(Z1, bs='bs', df=14)","[-0.03634633  0.23920402 -0.2529874   0.05442849  0.0143291  -0.11288937
 -0.10127839  0.16963032  0.04925613 -0.07381376  0.24301046  0.04167518
  0.02102681 -0.2234529 ]"
n_100_rep_73_dist_gaussian_homo_SNR_1_point_estimates,loc,"spline(Z2, bs='bs', df=14)","[-0.04813578 -0.02055007  0.2484743   0.07859728 -0.0572638   0.0367275
  0.1771774   0.00179007 -0.05834877  0.08250897 -0.07007074  0.05385606
 -0.17970024  0.23284565]"
n_100_rep_73_dist_gaussian_homo_SNR_1_point_estimates,scale,Intercept,[-0.50487345]
