scenario_index,param_y,param_eta,value
n_100_rep_58_dist_gaussian_homo_SNR_1_point_estimates,loc,Intercept,[-0.12314678]
n_100_rep_58_dist_gaussian_homo_SNR_1_point_estimates,loc,X1,[0.12342749]
n_100_rep_58_dist_gaussian_homo_SNR_1_point_estimates,loc,X2,[-0.11908119]
n_100_rep_58_dist_gaussian_homo_SNR_1_point_estimates,loc,"spline(Z1, bs='bs', df=14)","[ 0.18044841 -0.02624886 -0.26541072  0.23133475  0.03547961 -0.09444869
 -0.0868466  -0.1004036   0.21704678 -0.05011715  0.23689999  0.10109807
 -0.03368297  0.04620066]"
n_100_rep_58_dist_gaussian_homo_SNR_1_point_estimates,loc,"spline(Z2, bs='bs', df=14)","[ 0.23125762  0.00838033 -0.12312529 -0.08644339 -0.06943063 -0.22021312
 -0.19532388 -0.00064076  0.1490808   0.10045923  0.09369799  0.01820763
  0.21066783  0.13484822]"
n_100_rep_58_dist_gaussian_homo_SNR_1_point_estimates,scale,Intercept,[-0.15555711]
