scenario_index,param_y,param_eta,value
n_100_rep_79_dist_gaussian_homo_SNR_1_point_estimates,loc,Intercept,[-0.06454624]
n_100_rep_79_dist_gaussian_homo_SNR_1_point_estimates,loc,X1,[0.10054274]
n_100_rep_79_dist_gaussian_homo_SNR_1_point_estimates,loc,X2,[-0.2533449]
n_100_rep_79_dist_gaussian_homo_SNR_1_point_estimates,loc,"spline(Z1, bs='bs', df=14)","[ 0.03669419 -0.10599969 -0.13701987 -0.03556485  0.12939122  0.21829155
 -0.10917614 -0.14681695  0.0118565   0.02613703 -0.16247554 -0.10429119
  0.15497448  0.24953872]"
n_100_rep_79_dist_gaussian_homo_SNR_1_point_estimates,loc,"spline(Z2, bs='bs', df=14)","[-0.21340673  0.26532167  0.06891271 -0.09731542 -0.11850843 -0.09367217
 -0.03588917  0.00858094  0.1466725   0.02377664  0.17482114 -0.03461334
 -0.25658616 -0.14518763]"
n_100_rep_79_dist_gaussian_homo_SNR_1_point_estimates,scale,Intercept,[0.75751245]
