scenario_index,param_y,param_eta,value
n_100_rep_90_dist_gaussian_homo_SNR_1_point_estimates,loc,Intercept,[0.22048289]
n_100_rep_90_dist_gaussian_homo_SNR_1_point_estimates,loc,X1,[0.03329195]
n_100_rep_90_dist_gaussian_homo_SNR_1_point_estimates,loc,X2,[0.15365626]
n_100_rep_90_dist_gaussian_homo_SNR_1_point_estimates,loc,"spline(Z1, bs='bs', df=14)","[-0.19903012 -0.20482227 -0.00813562  0.16325957 -0.02616476 -0.2449049
 -0.05634109  0.03088022  0.16988915  0.19298966 -0.0406051  -0.02138936
  0.01099093  0.09593982]"
n_100_rep_90_dist_gaussian_homo_SNR_1_point_estimates,loc,"spline(Z2, bs='bs', df=14)","[ 0.2612003   0.13335073 -0.1540095   0.21138287  0.07785727 -0.06922603
 -0.14765213 -0.21999303  0.18404827 -0.12193237 -0.10767029 -0.01703002
 -0.00188756  0.22289418]"
n_100_rep_90_dist_gaussian_homo_SNR_1_point_estimates,scale,Intercept,[0.9517634]
