scenario_index,param_y,param_eta,value
n_100_rep_21_dist_gaussian_homo_SNR_1_point_estimates,loc,Intercept,[-0.08281415]
n_100_rep_21_dist_gaussian_homo_SNR_1_point_estimates,loc,X1,[0.21849062]
n_100_rep_21_dist_gaussian_homo_SNR_1_point_estimates,loc,X2,[-0.01732459]
n_100_rep_21_dist_gaussian_homo_SNR_1_point_estimates,loc,"spline(Z1, bs='bs', df=14)","[ 0.13160194 -0.09169833 -0.04580205  0.04287754  0.08334011 -0.24290982
  0.01011308  0.05022464 -0.20647569  0.18340933  0.19842325  0.22670272
  0.20938918  0.0548477 ]"
n_100_rep_21_dist_gaussian_homo_SNR_1_point_estimates,loc,"spline(Z2, bs='bs', df=14)","[-0.10024658 -0.12674229  0.11738047 -0.05773854 -0.03306817 -0.12171196
 -0.04548293 -0.19992858 -0.2563896  -0.18793531  0.17068993 -0.00224012
 -0.03558219 -0.21718471]"
n_100_rep_21_dist_gaussian_homo_SNR_1_point_estimates,scale,Intercept,[0.1595957]
