scenario_index,param_y,param_eta,value
n_100_rep_91_dist_gaussian_homo_SNR_1_point_estimates,loc,Intercept,[0.15844561]
n_100_rep_91_dist_gaussian_homo_SNR_1_point_estimates,loc,X1,[0.11920154]
n_100_rep_91_dist_gaussian_homo_SNR_1_point_estimates,loc,X2,[0.01778738]
n_100_rep_91_dist_gaussian_homo_SNR_1_point_estimates,loc,"spline(Z1, bs='bs', df=14)","[-0.08342131  0.09180848 -0.22380553 -0.21246368  0.05622663 -0.05989688
 -0.05125128  0.17510949 -0.12519489  0.25396213 -0.12329177 -0.22652923
  0.24766578  0.20097947]"
n_100_rep_91_dist_gaussian_homo_SNR_1_point_estimates,loc,"spline(Z2, bs='bs', df=14)","[ 1.52380273e-01  2.50498116e-01  1.40909804e-02  2.32099831e-01
  1.29906192e-01 -2.41958544e-01 -1.96557283e-01 -9.89522561e-02
 -1.02222010e-01 -4.05512229e-02 -5.23283961e-05 -2.44867932e-02
 -1.18407741e-01 -1.00065835e-01]"
n_100_rep_91_dist_gaussian_homo_SNR_1_point_estimates,scale,Intercept,[-0.25616673]
