scenario_index,param_y,param_eta,value
n_100_rep_31_dist_gaussian_homo_SNR_1_point_estimates,loc,Intercept,[-0.11160747]
n_100_rep_31_dist_gaussian_homo_SNR_1_point_estimates,loc,X1,[0.08685273]
n_100_rep_31_dist_gaussian_homo_SNR_1_point_estimates,loc,X2,[-0.14758578]
n_100_rep_31_dist_gaussian_homo_SNR_1_point_estimates,loc,"spline(Z1, bs='bs', df=14)","[-0.10525069  0.19706073  0.23231651  0.13918023  0.02559576 -0.08315783
 -0.19689895 -0.16907212 -0.04987965  0.13061549 -0.05621175 -0.07676066
  0.13760525 -0.01796038]"
n_100_rep_31_dist_gaussian_homo_SNR_1_point_estimates,loc,"spline(Z2, bs='bs', df=14)","[ 0.0126142  -0.24652569 -0.06910757  0.12768464  0.07251412  0.25247386
  0.07587162  0.01552658  0.07560827 -0.17220217 -0.1859025  -0.08391406
 -0.09149013 -0.23239818]"
n_100_rep_31_dist_gaussian_homo_SNR_1_point_estimates,scale,Intercept,[-0.33628884]
