scenario_index,param_y,param_eta,value
n_100_rep_61_dist_gaussian_homo_SNR_1_point_estimates,loc,Intercept,[-0.06896792]
n_100_rep_61_dist_gaussian_homo_SNR_1_point_estimates,loc,X1,[0.16753598]
n_100_rep_61_dist_gaussian_homo_SNR_1_point_estimates,loc,X2,[-0.06408557]
n_100_rep_61_dist_gaussian_homo_SNR_1_point_estimates,loc,"spline(Z1, bs='bs', df=14)","[-0.15683414 -0.03028064  0.13271615  0.21530779  0.13757056 -0.23112173
 -0.0260331  -0.13441433 -0.07689938  0.23500472  0.00996845 -0.00968982
  0.18305004  0.1317029 ]"
n_100_rep_61_dist_gaussian_homo_SNR_1_point_estimates,loc,"spline(Z2, bs='bs', df=14)","[ 0.22277677  0.24267136  0.02005607  0.06173385  0.06494331 -0.07397436
  0.0453435   0.08112615  0.11916021 -0.11577989  0.05884109  0.06477281
  0.26268762  0.05415628]"
n_100_rep_61_dist_gaussian_homo_SNR_1_point_estimates,scale,Intercept,[-0.87345046]
