scenario_index,param_y,param_eta,value
n_100_rep_86_dist_gaussian_homo_SNR_1_point_estimates,loc,Intercept,[-0.02120711]
n_100_rep_86_dist_gaussian_homo_SNR_1_point_estimates,loc,X1,[0.10185733]
n_100_rep_86_dist_gaussian_homo_SNR_1_point_estimates,loc,X2,[-0.06381229]
n_100_rep_86_dist_gaussian_homo_SNR_1_point_estimates,loc,"spline(Z1, bs='bs', df=14)","[ 0.0174591   0.03559235 -0.02278535  0.08148767 -0.03698375 -0.23108488
 -0.06667875 -0.09582233 -0.09994973  0.2088217   0.21915404  0.04781328
 -0.11068284  0.03818234]"
n_100_rep_86_dist_gaussian_homo_SNR_1_point_estimates,loc,"spline(Z2, bs='bs', df=14)","[ 0.04024419  0.19734436 -0.1636512   0.07463299  0.16391134 -0.03600129
  0.00089057  0.2430645  -0.03479365 -0.19831003 -0.10626124  0.00363947
 -0.03555587  0.21812703]"
n_100_rep_86_dist_gaussian_homo_SNR_1_point_estimates,scale,Intercept,[-0.5855192]
