scenario_index,param_y,param_eta,value
n_100_rep_46_dist_gaussian_homo_SNR_1_point_estimates,loc,Intercept,[-0.19597827]
n_100_rep_46_dist_gaussian_homo_SNR_1_point_estimates,loc,X1,[-0.22627889]
n_100_rep_46_dist_gaussian_homo_SNR_1_point_estimates,loc,X2,[0.01027775]
n_100_rep_46_dist_gaussian_homo_SNR_1_point_estimates,loc,"spline(Z1, bs='bs', df=14)","[-0.00377483 -0.06212173 -0.22596072  0.01348807 -0.11781611 -0.03964834
 -0.00593304  0.15225135 -0.11978821  0.21472305  0.03364404  0.07251485
 -0.06097835  0.05871199]"
n_100_rep_46_dist_gaussian_homo_SNR_1_point_estimates,loc,"spline(Z2, bs='bs', df=14)","[ 0.17841534 -0.1642627   0.0943137  -0.01191511  0.13342278 -0.20514728
 -0.07480591  0.09322356 -0.14397687 -0.22120889 -0.11698143 -0.00376702
  0.03902733  0.09174967]"
n_100_rep_46_dist_gaussian_homo_SNR_1_point_estimates,scale,Intercept,[0.54680836]
