scenario_index,param_y,param_eta,value
n_100_rep_94_dist_gaussian_homo_SNR_1_point_estimates,loc,Intercept,[-0.05491906]
n_100_rep_94_dist_gaussian_homo_SNR_1_point_estimates,loc,X1,[0.20229279]
n_100_rep_94_dist_gaussian_homo_SNR_1_point_estimates,loc,X2,[-0.0548963]
n_100_rep_94_dist_gaussian_homo_SNR_1_point_estimates,loc,"spline(Z1, bs='bs', df=14)","[-0.25061363 -0.05327725  0.23976925  0.20991148  0.26708412  0.11859275
 -0.0705047  -0.18928312 -0.2606081  -0.2754035  -0.27569684  0.12717111
  0.03428528 -0.04006455]"
n_100_rep_94_dist_gaussian_homo_SNR_1_point_estimates,loc,"spline(Z2, bs='bs', df=14)","[-0.20211491 -0.26958945  0.08580357 -0.03003395  0.04222939  0.0089061
  0.18069889  0.0735344  -0.23716192 -0.19432291  0.22326356 -0.09066118
 -0.24493432  0.15527882]"
n_100_rep_94_dist_gaussian_homo_SNR_1_point_estimates,scale,Intercept,[0.27340636]
