scenario_index,param_y,param_eta,value
n_100_rep_12_dist_gaussian_homo_SNR_1_point_estimates,loc,Intercept,[0.02956372]
n_100_rep_12_dist_gaussian_homo_SNR_1_point_estimates,loc,X1,[0.01766137]
n_100_rep_12_dist_gaussian_homo_SNR_1_point_estimates,loc,X2,[0.1554461]
n_100_rep_12_dist_gaussian_homo_SNR_1_point_estimates,loc,"spline(Z1, bs='bs', df=14)","[ 0.10806262  0.00759404 -0.17255563  0.06364085 -0.24769713  0.01927291
  0.09627217 -0.28370216  0.03669283 -0.01963242  0.1995451   0.10161938
  0.18249354  0.07383787]"
n_100_rep_12_dist_gaussian_homo_SNR_1_point_estimates,loc,"spline(Z2, bs='bs', df=14)","[-0.18207031 -0.10371515  0.03288242  0.08855861  0.07846434 -0.22487368
  0.21952681  0.03213962  0.17972735  0.22877596  0.04224357 -0.04445282
 -0.10516394  0.01082049]"
n_100_rep_12_dist_gaussian_homo_SNR_1_point_estimates,scale,Intercept,[0.9598735]
