scenario_index,param_y,param_eta,value
n_100_rep_33_dist_gaussian_homo_SNR_1_point_estimates,loc,Intercept,[-0.03791517]
n_100_rep_33_dist_gaussian_homo_SNR_1_point_estimates,loc,X1,[0.05551637]
n_100_rep_33_dist_gaussian_homo_SNR_1_point_estimates,loc,X2,[0.22529031]
n_100_rep_33_dist_gaussian_homo_SNR_1_point_estimates,loc,"spline(Z1, bs='bs', df=14)","[ 0.08350633 -0.26149833 -0.04813803  0.00406711  0.07425813  0.11832616
 -0.06765842 -0.07758261  0.16430268  0.0740041   0.03083143  0.24134418
  0.13077752  0.06691332]"
n_100_rep_33_dist_gaussian_homo_SNR_1_point_estimates,loc,"spline(Z2, bs='bs', df=14)","[-0.01559935 -0.11657821 -0.02157078 -0.01346308  0.07148723  0.24941893
  0.16155933  0.08810699  0.00053524  0.20007665 -0.00914147 -0.25475347
 -0.24902833 -0.2253003 ]"
n_100_rep_33_dist_gaussian_homo_SNR_1_point_estimates,scale,Intercept,[0.19203556]
