scenario_index,param_y,param_eta,value
n_100_rep_40_dist_gaussian_homo_SNR_1_point_estimates,loc,Intercept,[0.06516395]
n_100_rep_40_dist_gaussian_homo_SNR_1_point_estimates,loc,X1,[-0.05212027]
n_100_rep_40_dist_gaussian_homo_SNR_1_point_estimates,loc,X2,[0.03988354]
n_100_rep_40_dist_gaussian_homo_SNR_1_point_estimates,loc,"spline(Z1, bs='bs', df=14)","[-0.21393    -0.21631765 -0.23134585 -0.01422554  0.05395069 -0.16064851
 -0.15207002  0.00894772 -0.23394136 -0.10755643  0.12145685 -0.06343295
  0.17503533 -0.01487216]"
n_100_rep_40_dist_gaussian_homo_SNR_1_point_estimates,loc,"spline(Z2, bs='bs', df=14)","[ 0.07371294 -0.2191047  -0.02552966  0.21700016  0.00917053  0.16434912
 -0.04419463  0.01396953 -0.01668997 -0.05385539  0.21483551 -0.21452081
  0.00804032  0.0215977 ]"
n_100_rep_40_dist_gaussian_homo_SNR_1_point_estimates,scale,Intercept,[0.75062275]
