scenario_index,param_y,param_eta,value
n_100_rep_59_dist_gaussian_homo_SNR_1_point_estimates,loc,Intercept,[0.11950959]
n_100_rep_59_dist_gaussian_homo_SNR_1_point_estimates,loc,X1,[0.26092774]
n_100_rep_59_dist_gaussian_homo_SNR_1_point_estimates,loc,X2,[0.01219115]
n_100_rep_59_dist_gaussian_homo_SNR_1_point_estimates,loc,"spline(Z1, bs='bs', df=14)","[ 0.04197032 -0.04332968  0.13631378  0.25493258 -0.21032476  0.21663806
  0.05683939  0.2654431  -0.25806403  0.22799265  0.05196132 -0.13291687
  0.10813724  0.06753553]"
n_100_rep_59_dist_gaussian_homo_SNR_1_point_estimates,loc,"spline(Z2, bs='bs', df=14)","[ 0.25535014  0.25425884 -0.06830519  0.12763546  0.00406638 -0.23116393
 -0.05019953  0.26823357  0.01605652 -0.15196909 -0.18654634  0.00621442
 -0.20414583  0.03287738]"
n_100_rep_59_dist_gaussian_homo_SNR_1_point_estimates,scale,Intercept,[-0.09018169]
