scenario_index,param_y,param_eta,value
n_100_rep_23_dist_gaussian_homo_SNR_1_point_estimates,loc,Intercept,[0.17264616]
n_100_rep_23_dist_gaussian_homo_SNR_1_point_estimates,loc,X1,[0.00457409]
n_100_rep_23_dist_gaussian_homo_SNR_1_point_estimates,loc,X2,[-0.09498256]
n_100_rep_23_dist_gaussian_homo_SNR_1_point_estimates,loc,"spline(Z1, bs='bs', df=14)","[ 0.09547105  0.00153509 -0.26757073 -0.08133588 -0.18726338  0.11065173
  0.08383463  0.09221175 -0.04339566  0.10525326  0.13937154  0.04834918
 -0.1069532  -0.06023311]"
n_100_rep_23_dist_gaussian_homo_SNR_1_point_estimates,loc,"spline(Z2, bs='bs', df=14)","[-0.0445561  -0.00642178 -0.06795828  0.26655254 -0.0660485  -0.23481023
  0.04325664  0.16295993  0.02249772 -0.19046566 -0.01273916 -0.24233277
 -0.02000689 -0.01238584]"
n_100_rep_23_dist_gaussian_homo_SNR_1_point_estimates,scale,Intercept,[0.53693575]
