scenario_index,param_y,param_eta,value
n_100_rep_19_dist_gaussian_homo_SNR_1_point_estimates,loc,Intercept,[0.05319498]
n_100_rep_19_dist_gaussian_homo_SNR_1_point_estimates,loc,X1,[0.01397811]
n_100_rep_19_dist_gaussian_homo_SNR_1_point_estimates,loc,X2,[0.1785635]
n_100_rep_19_dist_gaussian_homo_SNR_1_point_estimates,loc,"spline(Z1, bs='bs', df=14)","[-0.13621533  0.02116212 -0.24491231  0.03377005 -0.27373114 -0.04958079
  0.02592369  0.08709051 -0.1519136  -0.12806194 -0.04868423  0.26946673
  0.02194359 -0.10000818]"
n_100_rep_19_dist_gaussian_homo_SNR_1_point_estimates,loc,"spline(Z2, bs='bs', df=14)","[-0.2609974  -0.08327621  0.16744678  0.10379309  0.02833419 -0.16708894
  0.07333492 -0.02531579 -0.00346192 -0.05296221  0.05117315 -0.21299951
 -0.01842355  0.07524022]"
n_100_rep_19_dist_gaussian_homo_SNR_1_point_estimates,scale,Intercept,[0.7214605]
