scenario_index,param_y,param_eta,value
n_100_rep_62_dist_gaussian_homo_SNR_1_point_estimates,loc,Intercept,[-0.06431542]
n_100_rep_62_dist_gaussian_homo_SNR_1_point_estimates,loc,X1,[0.19345866]
n_100_rep_62_dist_gaussian_homo_SNR_1_point_estimates,loc,X2,[0.28234965]
n_100_rep_62_dist_gaussian_homo_SNR_1_point_estimates,loc,"spline(Z1, bs='bs', df=14)","[ 0.22486843 -0.00952743  0.12799181  0.00879047 -0.01438382  0.23460688
 -0.03809078  0.2524025  -0.06367856 -0.10709409 -0.0436323  -0.06891668
 -0.20671739  0.16313551]"
n_100_rep_62_dist_gaussian_homo_SNR_1_point_estimates,loc,"spline(Z2, bs='bs', df=14)","[-0.11294857  0.0454125   0.05421825 -0.21383654 -0.22358112 -0.0388818
  0.23581235  0.10064162 -0.07222948  0.17709468  0.16444227  0.03235661
 -0.1857457  -0.2111617 ]"
n_100_rep_62_dist_gaussian_homo_SNR_1_point_estimates,scale,Intercept,[-0.83828884]
