scenario_index,param_y,param_eta,value
n_100_rep_69_dist_gaussian_homo_SNR_1_point_estimates,loc,Intercept,[-0.19254431]
n_100_rep_69_dist_gaussian_homo_SNR_1_point_estimates,loc,X1,[-0.19371746]
n_100_rep_69_dist_gaussian_homo_SNR_1_point_estimates,loc,X2,[-0.01322054]
n_100_rep_69_dist_gaussian_homo_SNR_1_point_estimates,loc,"spline(Z1, bs='bs', df=14)","[ 0.26597315 -0.11727283  0.2603854   0.15235619  0.2529108   0.11053652
 -0.21357168 -0.01106345  0.030676    0.16927236  0.0880947  -0.18417238
 -0.21268897  0.04780395]"
n_100_rep_69_dist_gaussian_homo_SNR_1_point_estimates,loc,"spline(Z2, bs='bs', df=14)","[ 0.20923631 -0.00532338  0.03942642  0.06514143  0.10172665 -0.02463216
  0.14197381 -0.01305993 -0.25740495  0.08433989  0.23916367 -0.02258342
 -0.20561226 -0.18043606]"
n_100_rep_69_dist_gaussian_homo_SNR_1_point_estimates,scale,Intercept,[0.39228007]
