scenario_index,param_y,param_eta,value
n_1000_rep_15_dist_gaussian_homo_SNR_8_point_estimates,loc,Intercept,[-0.6171267]
n_1000_rep_15_dist_gaussian_homo_SNR_8_point_estimates,loc,"spline(Z1, bs='bs', df=19)","[ 0.09799424  0.21288154  0.4275717   1.3361404   0.9183555   1.0141742
  0.6785917   0.49869487 -0.22337149 -0.46398768 -0.6895927  -1.1424298
 -1.1184893  -0.964005   -0.42241132 -0.42480683 -0.11469637  0.11910371]"
n_1000_rep_15_dist_gaussian_homo_SNR_8_point_estimates,loc,"spline(Z2, bs='bs', df=19)","[-0.42002565 -0.3798276  -0.1858835  -0.17407608 -0.3417033  -0.11270223
 -0.22604056 -0.848232    0.2979856  -0.35735413 -0.13951279 -0.2555721
  0.11329208  0.77709675  0.69185174  1.0190195   1.5327253   0.958045  ]"
n_1000_rep_15_dist_gaussian_homo_SNR_8_point_estimates,scale,Intercept,[0.46454275]
