scenario_index,param_y,param_eta,value
n_1000_rep_46_dist_gaussian_homo_SNR_8_point_estimates,loc,Intercept,[-0.58832157]
n_1000_rep_46_dist_gaussian_homo_SNR_8_point_estimates,loc,"spline(Z1, bs='bs', df=19)","[-0.41586798  0.42050123  0.8070359   1.0034413   1.0171262   0.9116215
  0.73132074  0.4501397   0.04299735 -0.69350725 -0.8671478  -0.8012763
 -0.8915395  -1.0337007  -0.9242857  -0.65292025 -0.16240011 -0.38658923]"
n_1000_rep_46_dist_gaussian_homo_SNR_8_point_estimates,loc,"spline(Z2, bs='bs', df=19)","[-0.5689429  -0.6491127  -0.21640292 -0.32544154 -0.11488939 -0.550219
 -0.6104044  -0.24645141 -0.36243385  0.18294372 -0.15110259  0.16177733
  0.06700595  0.50888985  1.0799402   0.9846713   1.0742195   0.90564   ]"
n_1000_rep_46_dist_gaussian_homo_SNR_8_point_estimates,scale,Intercept,[0.42521966]
