scenario_index,param_y,param_eta,value
n_1000_rep_78_dist_gaussian_homo_SNR_8_point_estimates,loc,Intercept,[-0.52640516]
n_1000_rep_78_dist_gaussian_homo_SNR_8_point_estimates,loc,"spline(Z1, bs='bs', df=19)","[-0.07374389  0.3757118   0.7631123   1.005457    0.84286815  0.74529445
  0.8589267   0.57400835 -0.01518864 -0.10878605 -0.33974737 -0.92923766
 -0.91125035 -1.0337667  -0.94250566 -0.604136   -0.33332434 -0.15853696]"
n_1000_rep_78_dist_gaussian_homo_SNR_8_point_estimates,loc,"spline(Z2, bs='bs', df=19)","[ 0.18906954 -0.05075536 -0.17440142 -0.6119096  -0.3048263  -0.16808444
 -0.24415657  0.24155892 -0.24164599  0.04139004 -0.16710699  0.23071885
  0.19713674  0.42139998  0.6661308   0.9889876   1.1094482   0.86381257]"
n_1000_rep_78_dist_gaussian_homo_SNR_8_point_estimates,scale,Intercept,[0.51464385]
