scenario_index,param_y,param_eta,value
n_1000_rep_66_dist_gaussian_homo_SNR_8_point_estimates,loc,Intercept,[-0.49626145]
n_1000_rep_66_dist_gaussian_homo_SNR_8_point_estimates,loc,"spline(Z1, bs='bs', df=19)","[ 0.58409745  0.6143054   0.8392025   0.7625624   1.0925865   0.89389575
  0.4534207   0.4875141   0.21251808 -0.23806079 -0.4424169  -0.59558296
 -0.7274647  -1.132023   -0.5004781  -0.6217851  -0.97427875 -0.22776951]"
n_1000_rep_66_dist_gaussian_homo_SNR_8_point_estimates,loc,"spline(Z2, bs='bs', df=19)","[-0.53117985 -0.34460503 -0.21944268 -0.15969145 -0.31559786 -0.31952617
 -0.00732992 -0.5595209   0.13207786  0.02390671  0.25270215  0.5236017
  0.14283265  0.64430183  0.5677493   0.783622    1.221955    0.87381583]"
n_1000_rep_66_dist_gaussian_homo_SNR_8_point_estimates,scale,Intercept,[0.51546806]
