scenario_index,param_y,param_eta,value
n_1000_rep_27_dist_gaussian_homo_SNR_1_point_estimates,loc,Intercept,[-0.683501]
n_1000_rep_27_dist_gaussian_homo_SNR_1_point_estimates,loc,"spline(Z1, bs='bs', df=19)","[ 0.5405769   0.67826533  0.6278797   0.99548304  0.64018345  0.9428938
  0.76808375  0.6699968   0.29321137 -0.5371338  -0.37233153 -0.733411
 -1.0786904  -1.0788165  -0.83435065 -0.80136573 -0.6761332  -0.47345814]"
n_1000_rep_27_dist_gaussian_homo_SNR_1_point_estimates,loc,"spline(Z2, bs='bs', df=19)","[-0.24174908 -0.05867602 -0.1584402  -0.29519632 -0.4437798  -0.23510994
 -0.3841813  -0.6606193  -0.20857511 -0.17521428  0.0844382   0.03974298
  0.27444384  0.573024    0.80544674  0.69598025  0.93730986  1.2976959 ]"
n_1000_rep_27_dist_gaussian_homo_SNR_1_point_estimates,scale,Intercept,[0.45508772]
