scenario_index,param_y,param_eta,value
n_1000_rep_39_dist_gaussian_homo_SNR_1_point_estimates,loc,Intercept,[-0.5302603]
n_1000_rep_39_dist_gaussian_homo_SNR_1_point_estimates,loc,"spline(Z1, bs='bs', df=19)","[-0.19423172 -0.21985647  0.5636408   0.98143417  1.166403    1.0109485
  0.6000901   0.5097599   0.26493543  0.08634212 -0.14780511 -0.9324059
 -0.5867812  -0.9778207  -0.59027475 -0.4896985  -0.8406668   0.08352599]"
n_1000_rep_39_dist_gaussian_homo_SNR_1_point_estimates,loc,"spline(Z2, bs='bs', df=19)","[-0.26988548 -0.28322738 -0.68160975 -0.65258807 -0.605971   -0.3513759
 -0.17453149 -0.23630917  0.15226047  0.12499359  0.00896851  0.25621194
  0.12360139  0.11637063  1.1711671   0.8660627   1.1873349   0.8624152 ]"
n_1000_rep_39_dist_gaussian_homo_SNR_1_point_estimates,scale,Intercept,[0.47780633]
