scenario_index,param_y,param_eta,value
n_1000_rep_35_dist_gaussian_homo_SNR_8_point_estimates,loc,Intercept,[-0.49247888]
n_1000_rep_35_dist_gaussian_homo_SNR_8_point_estimates,loc,"spline(Z1, bs='bs', df=19)","[-0.14302672  0.73745847  0.7609519   1.0052238   0.8378762   1.1143601
  0.9735359   0.39158732 -0.15525079 -0.06405213 -0.24030685 -0.6087774
 -0.36157954 -0.8000487  -0.6006014   0.04687196 -0.14459375 -0.7546092 ]"
n_1000_rep_35_dist_gaussian_homo_SNR_8_point_estimates,loc,"spline(Z2, bs='bs', df=19)","[-9.3056971e-01 -5.3899109e-01 -1.2958500e-01 -4.9407580e-01
 -5.8377230e-01 -1.6333544e-01 -1.5848653e-01  1.8973798e-01
 -7.8509845e-02  1.5541923e-01 -7.5710384e-05 -4.6714526e-01
  1.9614285e-01  4.1242957e-01  5.3081787e-01  1.0756005e+00
  1.6245099e+00  9.5014358e-01]"
n_1000_rep_35_dist_gaussian_homo_SNR_8_point_estimates,scale,Intercept,[0.5136601]
