scenario_index,param_y,param_eta,value
n_1000_rep_36_dist_gaussian_homo_SNR_1_point_estimates,loc,Intercept,[-0.63222075]
n_1000_rep_36_dist_gaussian_homo_SNR_1_point_estimates,loc,"spline(Z1, bs='bs', df=19)","[-0.49007183  0.6296512   0.9097248   0.850167    0.68997806  1.2310075
  0.43664718  0.15859516  0.47090572  0.01355583 -0.03247236 -0.624865
 -1.2597945  -0.6433293  -0.39056215 -0.61033213 -0.7269727  -0.02638487]"
n_1000_rep_36_dist_gaussian_homo_SNR_1_point_estimates,loc,"spline(Z2, bs='bs', df=19)","[-0.6605034  -0.39083436  0.19025837 -0.01209438 -0.2833655  -0.40328544
 -0.13751566 -0.37303233 -0.08640091  0.27463624  0.25381747 -0.14759079
  0.11014022  0.59462     0.56512     1.0324115   1.2208388   0.9784192 ]"
n_1000_rep_36_dist_gaussian_homo_SNR_1_point_estimates,scale,Intercept,[0.46063313]
