scenario_index,param_y,param_eta,value
n_1000_rep_53_dist_gaussian_homo_SNR_8_point_estimates,loc,Intercept,[-0.5830617]
n_1000_rep_53_dist_gaussian_homo_SNR_8_point_estimates,loc,"spline(Z1, bs='bs', df=19)","[-0.20315886  0.6669315   0.987893    0.36562833  1.0461603   0.7473613
  0.7885887   0.5057445  -0.1200074  -0.16646099 -0.62266654 -1.0394552
 -0.98021203 -0.6391369  -1.1203116  -0.76925    -0.46905005 -0.23584042]"
n_1000_rep_53_dist_gaussian_homo_SNR_8_point_estimates,loc,"spline(Z2, bs='bs', df=19)","[-0.16325656 -0.6733476   0.2377941  -0.21252598 -0.8405371  -0.16467653
 -0.2466972  -0.48473257 -0.01716378 -0.0094139   0.03685749  0.14238346
  0.17969774  0.05191842  0.7489644   1.0912466   1.5055925   1.325561  ]"
n_1000_rep_53_dist_gaussian_homo_SNR_8_point_estimates,scale,Intercept,[0.50314045]
