scenario_index,param_y,param_eta,value
n_1000_rep_2_dist_gaussian_homo_SNR_8_point_estimates,loc,Intercept,[-0.61538154]
n_1000_rep_2_dist_gaussian_homo_SNR_8_point_estimates,loc,"spline(Z1, bs='bs', df=19)","[ 0.5505819   0.6112175   0.23192792  0.53086907  1.180138    0.48325068
  0.7388296   0.7027413   0.48709312 -0.33333114 -0.5821988  -0.8050456
 -0.82096046 -0.8604424  -0.9508658  -0.94508743 -0.34891364 -0.19010936]"
n_1000_rep_2_dist_gaussian_homo_SNR_8_point_estimates,loc,"spline(Z2, bs='bs', df=19)","[-0.14399335 -0.13068958 -0.1526508  -0.6571285  -0.03267165 -0.19122215
 -0.01655636  0.41465273 -0.26650319 -0.38379228 -0.15047342  0.30582255
 -0.18831654  0.27370456  0.63465893  0.88467306  1.2284653   1.2484144 ]"
n_1000_rep_2_dist_gaussian_homo_SNR_8_point_estimates,scale,Intercept,[0.49012017]
