scenario_index,param_y,param_eta,value
n_1000_rep_97_dist_gaussian_homo_SNR_1_point_estimates,loc,Intercept,[-0.6956876]
n_1000_rep_97_dist_gaussian_homo_SNR_1_point_estimates,loc,"spline(Z1, bs='bs', df=19)","[ 0.28938982  0.59931713  0.7601916   1.040235    0.8369377   1.2246612
  1.1115307   0.16241027 -0.47494185 -0.43261293 -0.19357778 -0.69434375
 -0.72475475 -0.78761244 -0.48714748 -0.22539543 -0.3137443   0.04459192]"
n_1000_rep_97_dist_gaussian_homo_SNR_1_point_estimates,loc,"spline(Z2, bs='bs', df=19)","[-0.297385   -0.5363935  -0.34583282 -0.08498605 -0.41076937  0.18438372
  0.02333176  0.08643876  0.05090266 -0.41270655  0.31800884  0.05983314
  0.36308655  0.41322297  0.37170196  1.019954    1.5270076   0.98798424]"
n_1000_rep_97_dist_gaussian_homo_SNR_1_point_estimates,scale,Intercept,[0.4892465]
