scenario_index,param_y,param_eta,value
n_1000_rep_50_dist_gaussian_homo_SNR_8_point_estimates,loc,Intercept,[-0.6195969]
n_1000_rep_50_dist_gaussian_homo_SNR_8_point_estimates,loc,"spline(Z1, bs='bs', df=19)","[-0.21197128  0.29586023  0.6929835   1.0397588   0.89555895  1.1360884
  1.1224517   0.21642156  0.34779888 -0.4147325  -0.3880904  -0.4553501
 -1.0047073  -1.0639836  -0.8391888  -0.60631704 -0.3293919  -0.10080743]"
n_1000_rep_50_dist_gaussian_homo_SNR_8_point_estimates,loc,"spline(Z2, bs='bs', df=19)","[-0.4987409  -0.42215025 -0.24554077 -0.3732334  -0.32825273 -0.30392
  0.01738547 -0.19947739 -0.27930152  0.21461889 -0.28086442  0.0997108
  0.39584556  0.3144241   0.9387513   1.1320498   0.83307433  0.6381441 ]"
n_1000_rep_50_dist_gaussian_homo_SNR_8_point_estimates,scale,Intercept,[0.50430995]
