scenario_index,param_y,param_eta,value
n_1000_rep_51_dist_gaussian_homo_SNR_8_point_estimates,loc,Intercept,[-0.6108611]
n_1000_rep_51_dist_gaussian_homo_SNR_8_point_estimates,loc,"spline(Z1, bs='bs', df=19)","[ 0.16055508  0.6838917   1.1244175   1.1543695   0.8755072   0.40077674
  0.5871814   0.698377    0.4216307  -0.39640388 -0.7407966  -0.86000586
 -0.67573446 -1.0304683  -0.69346815 -0.31756628 -0.3066937  -0.13385281]"
n_1000_rep_51_dist_gaussian_homo_SNR_8_point_estimates,loc,"spline(Z2, bs='bs', df=19)","[-0.21568483 -0.2986398  -0.4823242  -0.4089529  -0.31199196 -0.52880836
  0.02360508 -0.28638017 -0.35055006 -0.31802705  0.14671828  0.4328871
  0.07818871 -0.10573357  0.9592966   1.112334    1.1237458   1.0616754 ]"
n_1000_rep_51_dist_gaussian_homo_SNR_8_point_estimates,scale,Intercept,[0.4844932]
