scenario_index,param_y,param_eta,value
n_1000_rep_70_dist_gaussian_homo_SNR_8_point_estimates,loc,Intercept,[-0.48969358]
n_1000_rep_70_dist_gaussian_homo_SNR_8_point_estimates,loc,"spline(Z1, bs='bs', df=19)","[ 0.29496342  0.26910865  0.73702854  0.9061457   1.1972622   0.9670451
  0.7288597   0.42847088  0.2796991  -0.54467773 -0.68601775 -0.95875967
 -0.7512252  -1.0794265  -1.0019759  -0.631006   -0.33342215 -0.03762238]"
n_1000_rep_70_dist_gaussian_homo_SNR_8_point_estimates,loc,"spline(Z2, bs='bs', df=19)","[-0.01815831  0.00591768 -0.32001796 -0.06833617 -0.1874209  -0.31793228
 -0.62413853 -0.18061481  0.13532749 -0.23042904 -0.17909528  0.11714344
 -0.29303542  0.6297073   1.1086742   0.9380869   0.9570875   1.0177753 ]"
n_1000_rep_70_dist_gaussian_homo_SNR_8_point_estimates,scale,Intercept,[0.49484357]
