scenario_index,param_y,param_eta,value
n_1000_rep_98_dist_gaussian_homo_SNR_8_point_estimates,loc,Intercept,[-0.6087347]
n_1000_rep_98_dist_gaussian_homo_SNR_8_point_estimates,loc,"spline(Z1, bs='bs', df=19)","[-0.30173624  0.18596786  0.7493705   0.9586412   0.6065626   0.92119855
  0.90340483  0.331626    0.01133123 -0.1587078  -0.58073056 -0.7348647
 -0.9161864  -1.1283075  -0.8207188  -0.39553878 -0.45072317 -0.02616074]"
n_1000_rep_98_dist_gaussian_homo_SNR_8_point_estimates,loc,"spline(Z2, bs='bs', df=19)","[-0.21522413 -0.35932752  0.11677688 -0.34649187 -0.06822412 -0.477681
 -0.33234057 -0.28287816  0.02605285 -0.3425584  -0.47589308  0.4457391
  0.12965345  0.29623494  0.68657887  0.8574067   1.1665142   1.1163441 ]"
n_1000_rep_98_dist_gaussian_homo_SNR_8_point_estimates,scale,Intercept,[0.5103188]
