scenario_index,param_y,param_eta,value
n_1000_rep_92_dist_gaussian_homo_SNR_8_point_estimates,loc,Intercept,[-0.722743]
n_1000_rep_92_dist_gaussian_homo_SNR_8_point_estimates,loc,"spline(Z1, bs='bs', df=19)","[ 0.6063636   0.90074396  0.8927308   0.54154307  0.8095898   1.1153396
  0.85217303  0.5867546  -0.11611223 -0.71080154 -0.6631421  -0.8497649
 -0.782731   -1.1574814  -0.8289554  -0.7347351  -0.7033312  -0.1988674 ]"
n_1000_rep_92_dist_gaussian_homo_SNR_8_point_estimates,loc,"spline(Z2, bs='bs', df=19)","[-0.5248486  -0.20936681  0.03068861 -0.43750957 -0.22621639  0.00947803
 -0.299746    0.0690309   0.13731217 -0.7229899  -0.5884769   0.9197615
 -0.3122411   0.43103844  1.0033996   0.72726125  1.0786723   1.1421434 ]"
n_1000_rep_92_dist_gaussian_homo_SNR_8_point_estimates,scale,Intercept,[0.47597703]
