scenario_index,param_y,param_eta,value
n_1000_rep_82_dist_gaussian_homo_SNR_8_point_estimates,loc,Intercept,[-0.64204276]
n_1000_rep_82_dist_gaussian_homo_SNR_8_point_estimates,loc,"spline(Z1, bs='bs', df=19)","[ 0.24499749  0.5188438   0.95937407  1.1233975   0.6149521   0.5335777
  1.0589675   0.2810654   0.16878621  0.26513076 -0.581243   -1.3196074
 -1.0082021  -1.272975   -1.1534387  -0.9116211  -0.58696675  0.14043885]"
n_1000_rep_82_dist_gaussian_homo_SNR_8_point_estimates,loc,"spline(Z2, bs='bs', df=19)","[ 0.1905628  -0.12037048 -0.8116252  -0.6679316  -0.45828557 -0.2430434
 -0.3635356  -0.40705252 -0.04541309 -0.19044682 -0.14097315 -0.15728344
  0.04409343  0.43330437  0.8656343   0.67770505  1.4485533   1.3139409 ]"
n_1000_rep_82_dist_gaussian_homo_SNR_8_point_estimates,scale,Intercept,[0.47360468]
