scenario_index,param_y,param_eta,value
n_1000_rep_68_dist_gaussian_homo_SNR_8_point_estimates,loc,Intercept,[-0.7625553]
n_1000_rep_68_dist_gaussian_homo_SNR_8_point_estimates,loc,"spline(Z1, bs='bs', df=19)","[-0.0784134   0.90805674  0.99497795  1.1032965   0.97851735  0.90441716
  0.6448799  -0.10807806  0.21472578 -0.53358793 -0.8929209  -1.0040302
 -0.38507235 -0.7424407  -0.81016695 -0.6440346  -0.34214073 -0.32262346]"
n_1000_rep_68_dist_gaussian_homo_SNR_8_point_estimates,loc,"spline(Z2, bs='bs', df=19)","[-0.24843857 -0.8042149  -0.08907567  0.10961557 -0.48905218 -0.51738703
  0.04035964 -0.01091681  0.00325631 -0.12969045 -0.24616344  0.30883688
  0.12302268  0.32094452  0.53841484  1.2232518   1.2700508   0.61734825]"
n_1000_rep_68_dist_gaussian_homo_SNR_8_point_estimates,scale,Intercept,[0.45236912]
