scenario_index,param_y,param_eta,value
n_1000_rep_31_dist_gaussian_homo_SNR_8_point_estimates,loc,Intercept,[-0.56069684]
n_1000_rep_31_dist_gaussian_homo_SNR_8_point_estimates,loc,"spline(Z1, bs='bs', df=19)","[ 0.19929877  0.8804307   0.7855432   0.76769537  0.6807647   1.0754654
  1.0090352   0.29694977 -0.24848595  0.02300254 -0.81805456 -1.2439464
 -0.71543235 -1.0039676  -0.87507635 -0.48434183  0.01707899  0.37870768]"
n_1000_rep_31_dist_gaussian_homo_SNR_8_point_estimates,loc,"spline(Z2, bs='bs', df=19)","[-0.15434763 -0.7023494  -0.519676   -0.6792336  -0.28620982 -0.03675985
 -0.2612076  -0.22946371 -0.22850427 -0.18827344 -0.26080796  0.2525121
  0.47791776  0.52629536  0.8750793   1.0085933   1.2811142   0.6743249 ]"
n_1000_rep_31_dist_gaussian_homo_SNR_8_point_estimates,scale,Intercept,[0.461947]
