scenario_index,param_y,param_eta,value
n_1000_rep_74_dist_gaussian_homo_SNR_8_point_estimates,loc,Intercept,[-0.6997707]
n_1000_rep_74_dist_gaussian_homo_SNR_8_point_estimates,loc,"spline(Z1, bs='bs', df=19)","[ 0.30653054  0.6799852   0.7193038   1.0616839   0.83848065  0.91220313
  1.0393991   0.5433434   0.26906753 -0.5736763  -0.33803013 -0.72101355
 -0.63637424 -1.044779   -1.0191938  -0.24505772 -0.05903666  0.00414686]"
n_1000_rep_74_dist_gaussian_homo_SNR_8_point_estimates,loc,"spline(Z2, bs='bs', df=19)","[-0.71221143 -0.17596532 -0.04091854 -0.09379277 -0.46696827 -0.37078628
 -0.17388116 -0.31171033 -0.2144742  -0.08639764  0.01734931  0.3569112
  0.14460781  0.7713179   1.0202776   0.8857869   1.2721087   1.0388683 ]"
n_1000_rep_74_dist_gaussian_homo_SNR_8_point_estimates,scale,Intercept,[0.50251114]
