scenario_index,param_y,param_eta,value
n_1000_rep_44_dist_gaussian_homo_SNR_1_point_estimates,loc,Intercept,[0.4555078]
n_1000_rep_44_dist_gaussian_homo_SNR_1_point_estimates,loc,"spline(Z1, bs='bs', df=19)","[ 0.3627724  -0.13487068 -0.3463489  -0.17740293 -0.49438122 -0.5067849
  0.3507825   0.4046207   0.48353684  0.45110673 -0.06424136 -0.44153082
 -0.22793746 -0.33078206 -0.33878943 -0.3023839  -0.08962803  0.44658518]"
n_1000_rep_44_dist_gaussian_homo_SNR_1_point_estimates,loc,"spline(Z2, bs='bs', df=19)","[-0.1989056   0.16508438  0.3956522   0.06392875 -0.30330834  0.08058339
  0.12738407  0.06626397  0.44763735  0.12069418 -0.5422216  -0.729909
 -0.3660577   0.00676121  0.6478108   0.22313093  0.5531141   0.6612428 ]"
n_1000_rep_44_dist_gaussian_homo_SNR_1_point_estimates,scale,Intercept,[1.8614718]
