scenario_index,param_y,param_eta,value
n_1000_rep_92_dist_gaussian_homo_SNR_1_point_estimates,loc,Intercept,[-0.6828296]
n_1000_rep_92_dist_gaussian_homo_SNR_1_point_estimates,loc,"spline(Z1, bs='bs', df=19)","[ 0.2757896   0.7639473   0.831897    0.49122825  0.76784956  0.7677576
  0.86177236  0.5701466  -0.03295984 -0.5209376  -0.58192486 -0.7710231
 -0.783836   -1.2349908  -0.82835674 -0.6831236  -0.6613361  -0.30394387]"
n_1000_rep_92_dist_gaussian_homo_SNR_1_point_estimates,loc,"spline(Z2, bs='bs', df=19)","[-0.3831989  -0.2554958   0.10077453 -0.20538758 -0.3000293   0.06617603
 -0.34378064 -0.25127375  0.00669299 -0.43687108 -0.79592687  0.76178247
 -0.124228    0.30918804  1.011746    0.9154564   0.6682108   0.8815682 ]"
n_1000_rep_92_dist_gaussian_homo_SNR_1_point_estimates,scale,Intercept,[0.47890732]
