scenario_index,param_y,param_eta,value
n_1000_rep_67_dist_gaussian_homo_SNR_1_point_estimates,loc,Intercept,[-0.6002965]
n_1000_rep_67_dist_gaussian_homo_SNR_1_point_estimates,loc,"spline(Z1, bs='bs', df=19)","[-0.07187217  0.6150352   0.84919304  0.95811677  0.7789535   0.8476705
  0.9972989   0.6868321   0.49357775 -0.25801855 -0.65854424 -0.86563325
 -0.78638756 -0.8962459  -0.98229957 -0.78907776 -0.3723512  -0.13677621]"
n_1000_rep_67_dist_gaussian_homo_SNR_1_point_estimates,loc,"spline(Z2, bs='bs', df=19)","[-8.3560276e-01 -6.3584006e-01 -8.5591212e-02 -2.4081600e-01
  1.7327845e-01 -3.2192126e-01 -6.3771158e-02  1.5619136e-01
 -4.4232413e-02  7.1938132e-04 -4.3274659e-01 -2.8078571e-01
 -6.2068284e-02  6.6992307e-01  1.0364339e+00  1.2369719e+00
  1.2504414e+00  9.2221308e-01]"
n_1000_rep_67_dist_gaussian_homo_SNR_1_point_estimates,scale,Intercept,[0.45845136]
