scenario_index,param_y,param_eta,value
n_1000_rep_71_dist_gaussian_homo_SNR_8_point_estimates,loc,Intercept,[-0.6224248]
n_1000_rep_71_dist_gaussian_homo_SNR_8_point_estimates,loc,"spline(Z1, bs='bs', df=19)","[ 0.7301682   0.8686459   0.49934417  0.8740785   1.037623    1.2142705
  0.8772798   0.3875677   0.08304322 -0.08407465 -0.11357686 -0.6061532
 -0.8213672  -0.9011957  -0.4225753  -0.3698216  -0.7992138  -0.22319621]"
n_1000_rep_71_dist_gaussian_homo_SNR_8_point_estimates,loc,"spline(Z2, bs='bs', df=19)","[-0.47089463 -0.7025549  -0.42025772 -0.5806717  -0.27400404 -0.4286655
 -0.44825575 -0.14056543 -0.11501569 -0.27608493 -0.12160455  0.49232912
  0.42240566  0.19064492  0.90879077  1.0105808   1.3977919   1.3612065 ]"
n_1000_rep_71_dist_gaussian_homo_SNR_8_point_estimates,scale,Intercept,[0.48489264]
