scenario_index,param_y,param_eta,value
n_1000_rep_65_dist_gaussian_homo_SNR_8_point_estimates,loc,Intercept,[-0.621604]
n_1000_rep_65_dist_gaussian_homo_SNR_8_point_estimates,loc,"spline(Z1, bs='bs', df=19)","[ 0.0280043   0.67026925  0.33034113  0.9154976   1.1355058   0.4738157
  0.85984993  0.33339286  0.22890824 -0.05953453 -0.3713154  -0.86633855
 -1.0648596  -1.1830164  -0.58216727 -0.48533306 -0.24997191  0.6305238 ]"
n_1000_rep_65_dist_gaussian_homo_SNR_8_point_estimates,loc,"spline(Z2, bs='bs', df=19)","[-0.43619975 -0.44491264 -0.42506704 -0.19897586 -0.21745314 -0.05125922
 -0.08211347 -0.2018899  -0.44794858 -0.5659907  -0.04276919  0.06275152
  0.03051119  0.5730709   0.71421987  1.3214635   1.0683496   0.7778478 ]"
n_1000_rep_65_dist_gaussian_homo_SNR_8_point_estimates,scale,Intercept,[0.47752553]
