scenario_index,param_y,param_eta,value
n_1000_rep_60_dist_gaussian_homo_SNR_8_point_estimates,loc,Intercept,[0.23658325]
n_1000_rep_60_dist_gaussian_homo_SNR_8_point_estimates,loc,"spline(Z1, bs='bs', df=19)","[-4.66917306e-01  4.55163233e-02  6.08726501e-01  3.51299167e-01
 -1.87735721e-01 -4.87876862e-01  1.41041735e-02 -2.82747686e-01
 -2.66977213e-02 -1.48849547e-01 -1.26392424e-01 -7.86070600e-02
  2.07207456e-01 -1.66755650e-04 -2.34026387e-01 -1.24649823e-01
  5.27170971e-02  2.74235964e-01]"
n_1000_rep_60_dist_gaussian_homo_SNR_8_point_estimates,loc,"spline(Z2, bs='bs', df=19)","[-0.1444491   0.22323269  0.52281356 -0.05835622 -0.09104718 -0.31547725
 -0.26322284  0.01014962 -0.02277668  0.19722983  0.21371788  0.39739177
  0.274483   -0.33719212 -0.05265479  0.03945362  0.15516937  0.29167816]"
n_1000_rep_60_dist_gaussian_homo_SNR_8_point_estimates,scale,Intercept,[1.5290365]
