scenario_index,param_y,param_eta,value
n_1000_rep_71_dist_gaussian_homo_SNR_1_point_estimates,loc,Intercept,[-0.604602]
n_1000_rep_71_dist_gaussian_homo_SNR_1_point_estimates,loc,"spline(Z1, bs='bs', df=19)","[ 0.72454864  0.85206765  0.46223056  0.9081108   1.0458308   0.91875297
  0.8190629   0.5333253  -0.09851587 -0.08419897 -0.08630581 -0.61965257
 -0.84061825 -0.7946943  -0.5886296  -0.6036122  -0.91671574 -0.53815114]"
n_1000_rep_71_dist_gaussian_homo_SNR_1_point_estimates,loc,"spline(Z2, bs='bs', df=19)","[-0.40403217 -0.83568877 -0.29707116 -0.44531998 -0.35136554 -0.3350713
 -0.54130065 -0.08774686 -0.2043818  -0.08659239 -0.30729306  0.5130918
  0.42855528  0.27406085  0.72642404  1.1302513   1.1263958   1.078268  ]"
n_1000_rep_71_dist_gaussian_homo_SNR_1_point_estimates,scale,Intercept,[0.47555035]
