scenario_index,param_y,param_eta,value
n_1000_rep_58_dist_gaussian_homo_SNR_8_point_estimates,loc,Intercept,[-0.72978014]
n_1000_rep_58_dist_gaussian_homo_SNR_8_point_estimates,loc,"spline(Z1, bs='bs', df=19)","[-0.13495937  0.33502117  0.57863903  1.0078005   0.89895403  0.81300795
  0.50070846  0.7634902   0.6084784  -0.40940294 -0.63814706 -0.91087866
 -0.92188907 -0.97906697 -0.9598048  -0.18115006 -0.51172394 -0.3605485 ]"
n_1000_rep_58_dist_gaussian_homo_SNR_8_point_estimates,loc,"spline(Z2, bs='bs', df=19)","[-0.14378098 -0.36607555 -0.43707013  0.06970935  0.12123912  0.2786665
 -0.02730406 -0.420505    0.02411202  0.24477847 -0.24082167 -0.16094755
 -0.08648945 -0.01408769  1.049003    1.0193179   1.6062461   1.3863809 ]"
n_1000_rep_58_dist_gaussian_homo_SNR_8_point_estimates,scale,Intercept,[0.44271398]
