scenario_index,param_y,param_eta,value
n_1000_rep_72_dist_gaussian_homo_SNR_8_point_estimates,loc,Intercept,[-0.60838693]
n_1000_rep_72_dist_gaussian_homo_SNR_8_point_estimates,loc,"spline(Z1, bs='bs', df=19)","[-0.04839938  0.33344695  0.826493    0.7898012   1.0760845   0.83678615
  1.007525    0.52071875 -0.1000293  -0.6591122  -0.7222043  -0.53035533
 -0.60219073 -0.79230464 -0.85148627 -0.6637001  -0.23696145 -0.06929121]"
n_1000_rep_72_dist_gaussian_homo_SNR_8_point_estimates,loc,"spline(Z2, bs='bs', df=19)","[-0.24174996 -0.6134287  -0.3781328  -0.28628677 -0.4243643  -0.09038282
  0.06912538 -0.347311   -0.77299976 -0.48193258  0.27528635  0.14417043
  0.22640541  0.73475504  0.72481984  1.160239    1.0252099   0.7651292 ]"
n_1000_rep_72_dist_gaussian_homo_SNR_8_point_estimates,scale,Intercept,[0.47635493]
