scenario_index,param_y,param_eta,value
n_1000_rep_8_dist_gaussian_homo_SNR_8_point_estimates,loc,Intercept,[0.08851671]
n_1000_rep_8_dist_gaussian_homo_SNR_8_point_estimates,loc,"spline(Z1, bs='bs', df=19)","[-0.24060468 -0.09929654 -0.22860369 -0.2731968  -0.27681592 -0.43989602
  0.05416484 -0.13112456 -0.26563275  0.1360907  -0.03744202 -0.0077898
  0.06018171 -0.27098936  0.18921271  0.48115972  0.5815458   0.32155365]"
n_1000_rep_8_dist_gaussian_homo_SNR_8_point_estimates,loc,"spline(Z2, bs='bs', df=19)","[-0.53653044 -0.12312268  0.20338991  0.30155423  0.18340798 -0.1193715
  0.22369513  0.26837763 -0.0481728  -0.07876315 -0.2052779   0.02532336
 -0.15003401  0.08295707 -0.21223497 -0.11759666  0.4649383   0.5810642 ]"
n_1000_rep_8_dist_gaussian_homo_SNR_8_point_estimates,scale,Intercept,[1.5270243]
