scenario_index,param_y,param_eta,value
n_1000_rep_93_dist_gaussian_homo_SNR_1_point_estimates,loc,Intercept,[-0.581166]
n_1000_rep_93_dist_gaussian_homo_SNR_1_point_estimates,loc,"spline(Z1, bs='bs', df=19)","[ 0.02267925  0.25200614  0.6220745   0.91043603  0.72471046  0.7055622
  0.82501924  0.61339813 -0.02377114 -0.3276346  -0.33685336 -0.8420409
 -0.7593634  -0.66222334 -0.7132996  -0.45961615 -0.12874435  0.05627247]"
n_1000_rep_93_dist_gaussian_homo_SNR_1_point_estimates,loc,"spline(Z2, bs='bs', df=19)","[-0.13096468 -0.64614254 -0.3568201  -0.38353837 -0.34174308 -0.39469954
 -0.55675775 -0.29019248 -0.02706801 -0.28802156 -0.2643405  -0.09375365
 -0.33979282  0.01812602  0.7457549   1.0219538   0.88282305  0.87436306]"
n_1000_rep_93_dist_gaussian_homo_SNR_1_point_estimates,scale,Intercept,[0.5020185]
