scenario_index,param_y,param_eta,value
n_1000_rep_44_dist_gaussian_homo_SNR_8_point_estimates,loc,Intercept,[0.4429285]
n_1000_rep_44_dist_gaussian_homo_SNR_8_point_estimates,loc,"spline(Z1, bs='bs', df=19)","[ 0.41720375 -0.19454923 -0.3230246  -0.15898974 -0.53068656 -0.8561635
  0.30104586  0.56230915  0.53232855  0.5179071   0.0109557  -0.2934121
 -0.61105365 -0.4762022  -0.23128393 -0.10393856  0.2027527   0.3086087 ]"
n_1000_rep_44_dist_gaussian_homo_SNR_8_point_estimates,loc,"spline(Z2, bs='bs', df=19)","[-0.32867154 -0.04470306  0.5207759   0.1427926  -0.27985504  0.16385803
  0.20122254 -0.1033737   0.14315453  0.3301985  -0.36430758 -0.5537284
 -0.0025569   0.02670994  0.53026897  0.27932915  0.22913107  0.5304661 ]"
n_1000_rep_44_dist_gaussian_homo_SNR_8_point_estimates,scale,Intercept,[1.5210854]
