scenario_index,param_y,param_eta,value
n_1000_rep_1_dist_gaussian_homo_SNR_1_point_estimates,loc,Intercept,[-0.55825883]
n_1000_rep_1_dist_gaussian_homo_SNR_1_point_estimates,loc,"spline(Z1, bs='bs', df=19)","[-0.11892097  0.16322517  0.75585455  0.77272797  1.0801251   0.83444995
  1.0194808   0.11689181  0.02850639 -0.42047843 -0.4906972  -0.91129744
 -1.0124449  -0.776485   -0.97220373 -0.31737462  0.0112508   0.17151809]"
n_1000_rep_1_dist_gaussian_homo_SNR_1_point_estimates,loc,"spline(Z2, bs='bs', df=19)","[-2.6526588e-01 -3.0425640e-02 -1.1604412e-01 -3.1975925e-01
 -2.9524431e-01  2.0257485e-01 -9.6456148e-02 -2.9397956e-01
 -1.4089338e-01  1.0274313e-03  2.5830299e-01  3.3627570e-01
  6.2525547e-01  7.1807879e-01  8.7309265e-01  8.6519063e-01
  1.1862066e+00  1.2394603e+00]"
n_1000_rep_1_dist_gaussian_homo_SNR_1_point_estimates,scale,Intercept,[0.44674957]
