scenario_index,param_y,param_eta,value
n_1000_rep_39_dist_gaussian_homo_SNR_8_point_estimates,loc,Intercept,[-0.47970274]
n_1000_rep_39_dist_gaussian_homo_SNR_8_point_estimates,loc,"spline(Z1, bs='bs', df=19)","[-0.33630577  0.01828141  0.6527643   0.93235785  0.86892724  0.794864
  0.6443886   0.6021286   0.17874071  0.12604675 -0.22109365 -0.7837074
 -0.7167475  -0.8981211  -0.49498907 -0.5884678  -0.71230936  0.11264556]"
n_1000_rep_39_dist_gaussian_homo_SNR_8_point_estimates,loc,"spline(Z2, bs='bs', df=19)","[-2.5212932e-01 -6.4905328e-01 -4.5020574e-01 -5.5740499e-01
 -5.6265330e-01 -7.8499936e-02  5.5733413e-02 -1.9631593e-01
  9.3993768e-03  3.3145255e-01 -9.7478174e-02  3.2966235e-01
  1.3755120e-01  1.1758991e-03  1.2746925e+00  9.8145831e-01
  1.0764726e+00  8.5663706e-01]"
n_1000_rep_39_dist_gaussian_homo_SNR_8_point_estimates,scale,Intercept,[0.48486453]
