scenario_index,param_y,param_eta,value
n_1000_rep_85_dist_gaussian_homo_SNR_8_point_estimates,loc,Intercept,[0.29781562]
n_1000_rep_85_dist_gaussian_homo_SNR_8_point_estimates,loc,"spline(Z1, bs='bs', df=19)","[ 0.24023378 -0.17890681 -0.4159893   0.0305489  -0.0459224  -0.2515519
 -0.14378008  0.09554013 -0.06235204  0.24463108 -0.02622426 -0.19844092
  0.15981707  0.03015023 -0.18120039 -0.14328685 -0.30063927  0.02913043]"
n_1000_rep_85_dist_gaussian_homo_SNR_8_point_estimates,loc,"spline(Z2, bs='bs', df=19)","[-0.19503628  0.11715478  0.41790652  0.23338853  0.0697206  -0.14190643
 -0.2723564  -0.39819744 -0.16128176  0.2643637   0.04799018  0.2277493
 -0.07364627  0.07400021  0.15679488  0.29649752  0.2004976  -0.19824134]"
n_1000_rep_85_dist_gaussian_homo_SNR_8_point_estimates,scale,Intercept,[1.5283204]
