scenario_index,param_y,param_eta,value
n_1000_rep_59_dist_gaussian_homo_SNR_8_point_estimates,loc,Intercept,[-0.17140025]
n_1000_rep_59_dist_gaussian_homo_SNR_8_point_estimates,loc,"spline(Z1, bs='bs', df=19)","[-0.33988133 -0.04531644 -0.37075686  0.06905271  0.18423717  0.03701034
 -0.05456821  0.09592398  0.66997886  0.16875608 -0.01794774 -0.26400107
  0.18063363 -0.18578687  0.14500144  0.25970846 -0.13951224 -0.00864666]"
n_1000_rep_59_dist_gaussian_homo_SNR_8_point_estimates,loc,"spline(Z2, bs='bs', df=19)","[ 0.03618944  0.09250788  0.0290271  -0.50826305 -0.44936508 -0.6209587
 -0.22430073 -0.05472707  0.2548591  -0.01049435 -0.15515824 -0.03209019
 -0.01188014  0.02960923  0.29228678 -0.02055067  0.0316508  -0.21536921]"
n_1000_rep_59_dist_gaussian_homo_SNR_8_point_estimates,scale,Intercept,[1.8624496]
