scenario_index,param_y,param_eta,value
n_1000_rep_76_dist_gaussian_homo_SNR_8_point_estimates,loc,Intercept,[-0.58017105]
n_1000_rep_76_dist_gaussian_homo_SNR_8_point_estimates,loc,"spline(Z1, bs='bs', df=19)","[ 0.14868018  0.66062254  0.8433233   1.034179    1.1542232   0.6715019
  0.5448434   0.4500077   0.20837083 -0.44808897 -0.7624584  -0.6696386
 -0.9951406  -0.84161204 -0.8163348  -0.856675   -0.458747    0.1373598 ]"
n_1000_rep_76_dist_gaussian_homo_SNR_8_point_estimates,loc,"spline(Z2, bs='bs', df=19)","[-0.6175771  -0.15066    -0.02096888 -0.12247102 -0.08238292 -0.8383933
 -0.3282547   0.06365792 -0.5060218  -0.3380505   0.04697708  0.2626846
  0.31972906  0.3509876   0.87353325  1.2963033   0.946902    0.7960305 ]"
n_1000_rep_76_dist_gaussian_homo_SNR_8_point_estimates,scale,Intercept,[0.47445205]
