scenario_index,param_y,param_eta,value
n_1000_rep_52_dist_gaussian_homo_SNR_8_point_estimates,loc,Intercept,[0.08698025]
n_1000_rep_52_dist_gaussian_homo_SNR_8_point_estimates,loc,"spline(Z1, bs='bs', df=19)","[-0.6708094  -0.473865    0.48284867  0.5419989   0.35856438 -0.27509075
 -0.37416863 -0.41198555  0.04093895  0.39060372 -0.07499971  0.2925705
  0.10098267 -0.23475406 -0.09831955  0.3315509   0.12404203  0.02840876]"
n_1000_rep_52_dist_gaussian_homo_SNR_8_point_estimates,loc,"spline(Z2, bs='bs', df=19)","[ 0.37537283  0.38910013 -0.10913482 -0.59770983 -0.07796802 -0.1909071
 -0.07579894 -0.52075446  0.12926677  0.19540253  0.39680323  0.40027553
  0.32657507 -0.10951702 -0.0240469   0.20504555  0.33826572 -0.04678522]"
n_1000_rep_52_dist_gaussian_homo_SNR_8_point_estimates,scale,Intercept,[0.5249555]
