scenario_index,param_y,param_eta,value
n_1000_rep_84_dist_gaussian_homo_SNR_8_point_estimates,loc,Intercept,[-0.53593826]
n_1000_rep_84_dist_gaussian_homo_SNR_8_point_estimates,loc,"spline(Z1, bs='bs', df=19)","[ 0.39301506  0.44512385  0.6903866   0.76289284  0.71140075  1.0140194
  0.37862402  0.21115735  0.5480505   0.11307497 -0.8553427  -1.010052
 -1.0301602  -0.85045135 -0.7607532  -0.8362672  -0.67428595  0.24015568]"
n_1000_rep_84_dist_gaussian_homo_SNR_8_point_estimates,loc,"spline(Z2, bs='bs', df=19)","[-0.54311144 -0.59653324 -0.43410972 -0.41922218 -0.12117483  0.17917854
 -0.04063003 -0.66245824  0.04555828  0.03427131 -0.52002186 -0.38725257
  0.31672758  0.52671814  0.71117854  0.88086164  1.3521137   1.361252  ]"
n_1000_rep_84_dist_gaussian_homo_SNR_8_point_estimates,scale,Intercept,[0.48438075]
