scenario_index,param_y,param_eta,value
n_1000_rep_67_dist_gaussian_homo_SNR_8_point_estimates,loc,Intercept,[-0.6064591]
n_1000_rep_67_dist_gaussian_homo_SNR_8_point_estimates,loc,"spline(Z1, bs='bs', df=19)","[ 9.0991351e-04  7.4468613e-01  7.5374961e-01  1.0377741e+00
  1.0212381e+00  1.1086022e+00  8.3824050e-01  5.9923458e-01
  3.9539272e-01 -3.8324043e-01 -6.9747746e-01 -9.5178008e-01
 -6.9245410e-01 -8.3774734e-01 -9.4001877e-01 -7.2547787e-01
 -3.9375776e-01 -1.6908361e-01]"
n_1000_rep_67_dist_gaussian_homo_SNR_8_point_estimates,loc,"spline(Z2, bs='bs', df=19)","[-0.8078287  -0.45689043  0.08343635 -0.21308196  0.22216545 -0.24915488
  0.15503493  0.12458057 -0.18054178 -0.21840338 -0.44714642 -0.15669876
  0.18122879  0.3751289   1.1708165   1.0879911   1.3593656   1.287282  ]"
n_1000_rep_67_dist_gaussian_homo_SNR_8_point_estimates,scale,Intercept,[0.48516732]
