scenario_index,param_y,param_eta,value
n_1000_rep_17_dist_gaussian_homo_SNR_8_point_estimates,loc,Intercept,[-0.62985486]
n_1000_rep_17_dist_gaussian_homo_SNR_8_point_estimates,loc,"spline(Z1, bs='bs', df=19)","[ 0.2223134   0.50195163  0.83664054  0.6424951   0.50558835  0.7455729
  0.62352073 -0.07164599 -0.06285838 -0.43752468 -0.7374352  -1.0074259
 -1.1905445  -0.97243327 -0.6207685  -0.10464866 -0.39988744 -0.4612271 ]"
n_1000_rep_17_dist_gaussian_homo_SNR_8_point_estimates,loc,"spline(Z2, bs='bs', df=19)","[-0.03858083 -0.47351652 -0.43320087 -0.22530918 -0.28300622 -0.15257935
 -0.6041642  -0.21751879  0.28325513  0.07020739 -0.31524742  0.07411856
  0.14747219  0.60393703  0.7525797   1.136937    1.0304357   0.61986226]"
n_1000_rep_17_dist_gaussian_homo_SNR_8_point_estimates,scale,Intercept,[0.47987816]
