scenario_index,param_y,param_eta,value
n_1000_rep_73_dist_gaussian_homo_SNR_1_point_estimates,loc,Intercept,[-0.5786726]
n_1000_rep_73_dist_gaussian_homo_SNR_1_point_estimates,loc,"spline(Z1, bs='bs', df=19)","[ 0.12526704  0.5466342   0.6294568   0.80208886  0.7925881   0.73881567
  0.5622437   0.4990513   0.43844664 -0.29478344 -0.388934   -0.76439226
 -0.85751015 -0.7564578  -0.73084277 -0.40010747 -0.35570693 -0.04323909]"
n_1000_rep_73_dist_gaussian_homo_SNR_1_point_estimates,loc,"spline(Z2, bs='bs', df=19)","[-0.22839475 -0.30703893 -0.01107739 -0.08611301 -0.20530736 -0.15138797
 -0.25260678 -0.2266521  -0.40103656 -0.2135341   0.05770056  0.1740652
  0.0128237   0.26965708  0.5353144   0.85446495  0.9726308   0.9338048 ]"
n_1000_rep_73_dist_gaussian_homo_SNR_1_point_estimates,scale,Intercept,[0.27904364]
