scenario_index,param_y,param_eta,value
n_1000_rep_21_dist_gaussian_homo_SNR_8_point_estimates,loc,Intercept,[-0.3630906]
n_1000_rep_21_dist_gaussian_homo_SNR_8_point_estimates,loc,X1,[-0.05467756]
n_1000_rep_21_dist_gaussian_homo_SNR_8_point_estimates,loc,X2,[-0.44235143]
n_1000_rep_21_dist_gaussian_homo_SNR_8_point_estimates,loc,"spline(Z1, bs='bs', df=20)","[ 0.31619078  0.4313544   0.86454636  0.8833599   0.7996372   0.78787935
  0.705935    0.35717598 -0.23544095 -0.42352566 -0.666379   -0.52790105
 -0.45019302 -0.54363936 -0.93973756 -0.37309888 -0.5868225  -0.19892377
 -0.10766536]"
n_1000_rep_21_dist_gaussian_homo_SNR_8_point_estimates,loc,"spline(Z2, bs='bs', df=20)","[-0.38969636 -0.48195592 -0.40508705 -0.45906636 -0.63735974  0.13347322
  0.18147388 -0.23260948 -0.3081389  -0.418825    0.17712273 -0.1582823
  0.05911142  0.05282872  0.4025142   0.53939676  0.5731154   0.7647072
  0.6045527 ]"
n_1000_rep_21_dist_gaussian_homo_SNR_8_point_estimates,scale,Intercept,[0.5580352]
