scenario_index,param_y,param_eta,value
n_1000_rep_96_dist_gaussian_homo_SNR_8_point_estimates,loc,Intercept,[-0.3982982]
n_1000_rep_96_dist_gaussian_homo_SNR_8_point_estimates,loc,X1,[-0.11176711]
n_1000_rep_96_dist_gaussian_homo_SNR_8_point_estimates,loc,X2,[-0.42877734]
n_1000_rep_96_dist_gaussian_homo_SNR_8_point_estimates,loc,"spline(Z1, bs='bs', df=20)","[ 2.88040549e-01  3.64200979e-01  7.35395730e-01  9.44154739e-01
  7.42681444e-01  5.48745513e-01  6.44885242e-01  4.08352256e-01
 -1.01862706e-01  8.61592242e-04 -1.51129171e-01 -2.82235384e-01
 -6.57336056e-01 -7.64429510e-01 -7.82159448e-01 -2.91493297e-01
 -4.44014579e-01 -5.24378046e-02 -3.66111964e-01]"
n_1000_rep_96_dist_gaussian_homo_SNR_8_point_estimates,loc,"spline(Z2, bs='bs', df=20)","[-0.32597008 -0.141535   -0.1726575  -0.43564484 -0.14496848 -0.29088148
 -0.36226904 -0.3661693  -0.01083874  0.05278338  0.02503857 -0.4159306
  0.2993689  -0.10408771  0.4780771   0.65080684  0.5222135   0.63464075
  0.4613168 ]"
n_1000_rep_96_dist_gaussian_homo_SNR_8_point_estimates,scale,Intercept,[0.5413617]
