scenario_index,param_y,param_eta,value
n_1000_rep_22_dist_gaussian_homo_SNR_8_point_estimates,loc,Intercept,[-0.39163008]
n_1000_rep_22_dist_gaussian_homo_SNR_8_point_estimates,loc,X1,[-0.2970359]
n_1000_rep_22_dist_gaussian_homo_SNR_8_point_estimates,loc,X2,[-0.24103054]
n_1000_rep_22_dist_gaussian_homo_SNR_8_point_estimates,loc,"spline(Z1, bs='bs', df=20)","[ 0.16044989  0.20577703  0.23065972  0.71863014  0.6300974   0.8413675
  0.8014324   0.6071944   0.21747968  0.01165963 -0.16778184 -0.5506481
 -0.3989808  -0.70414835 -0.81357384 -0.71216226 -0.6012971  -0.2744288
  0.09534134]"
n_1000_rep_22_dist_gaussian_homo_SNR_8_point_estimates,loc,"spline(Z2, bs='bs', df=20)","[-0.34542972 -0.33572125 -0.22924308 -0.39758223 -0.33305922 -0.20599645
 -0.31547236 -0.34811038 -0.17017514 -0.39904588 -0.08954217  0.24214652
  0.22128509  0.21943687  0.33668435  0.5601443   0.8704455   0.7653619
  0.5342545 ]"
n_1000_rep_22_dist_gaussian_homo_SNR_8_point_estimates,scale,Intercept,[0.34721544]
