scenario_index,param_y,param_eta,value
n_1000_rep_67_dist_gaussian_homo_SNR_1_point_estimates,loc,Intercept,[-0.34338865]
n_1000_rep_67_dist_gaussian_homo_SNR_1_point_estimates,loc,X1,[-0.2116704]
n_1000_rep_67_dist_gaussian_homo_SNR_1_point_estimates,loc,X2,[-0.30993697]
n_1000_rep_67_dist_gaussian_homo_SNR_1_point_estimates,loc,"spline(Z1, bs='bs', df=20)","[-0.04864558  0.28968227  0.26153567  0.86291087  0.72062397  0.87978387
  0.70859045  0.49405524  0.4692631   0.09545097 -0.37967274 -0.71189374
 -0.58049446 -0.7957931  -0.6514792  -0.71128887 -0.46281046 -0.35917428
  0.24602737]"
n_1000_rep_67_dist_gaussian_homo_SNR_1_point_estimates,loc,"spline(Z2, bs='bs', df=20)","[ 0.08877926 -0.42060447 -0.63428324 -0.31804425 -0.44862217 -0.30811113
 -0.64395344 -0.20346907 -0.21501704 -0.10319705 -0.05144725 -0.23778898
 -0.1670308   0.16935807  0.29037526  0.34536374  0.7865447   1.0476791
  0.82997245]"
n_1000_rep_67_dist_gaussian_homo_SNR_1_point_estimates,scale,Intercept,[0.3268446]
