scenario_index,param_y,param_eta,value
n_1000_rep_73_dist_gaussian_homo_SNR_8_point_estimates,loc,Intercept,[-0.34746748]
n_1000_rep_73_dist_gaussian_homo_SNR_8_point_estimates,loc,X1,[-0.11727166]
n_1000_rep_73_dist_gaussian_homo_SNR_8_point_estimates,loc,X2,[-0.38281783]
n_1000_rep_73_dist_gaussian_homo_SNR_8_point_estimates,loc,"spline(Z1, bs='bs', df=20)","[-0.04680113  0.1708819   0.8303266   0.5357924   0.78965294  0.9775223
  0.7566253   0.25246528  0.10154735  0.2999793  -0.23173407 -0.23091252
 -0.88587797 -0.6290474  -0.65059495 -0.5228757  -0.9662507  -0.23403977
 -0.04112526]"
n_1000_rep_73_dist_gaussian_homo_SNR_8_point_estimates,loc,"spline(Z2, bs='bs', df=20)","[-0.17301342 -0.45796376 -0.55287915 -0.11148035 -0.12559132 -0.17817482
 -0.6873093  -0.6660746   0.08333734  0.02095222 -0.224495   -0.29250595
 -0.19071141 -0.05699645  0.68190986  0.5194092   0.79003596  0.9044494
  0.38541842]"
n_1000_rep_73_dist_gaussian_homo_SNR_8_point_estimates,scale,Intercept,[0.5211968]
