scenario_index,param_y,param_eta,value
n_1000_rep_26_dist_gaussian_homo_SNR_1_point_estimates,loc,Intercept,[-0.34275252]
n_1000_rep_26_dist_gaussian_homo_SNR_1_point_estimates,loc,X1,[-0.35386983]
n_1000_rep_26_dist_gaussian_homo_SNR_1_point_estimates,loc,X2,[-0.17659894]
n_1000_rep_26_dist_gaussian_homo_SNR_1_point_estimates,loc,"spline(Z1, bs='bs', df=20)","[ 0.45365885  0.42102006  0.19897205  0.13454595 -0.23537293  0.13512981
 -0.7271883  -0.5368774   0.09478091  0.19933483  0.49034116  0.07337831
  0.3881323   0.16121127 -0.35318556 -0.22274871 -0.17239098 -0.35551128
 -0.11305473]"
n_1000_rep_26_dist_gaussian_homo_SNR_1_point_estimates,loc,"spline(Z2, bs='bs', df=20)","[-0.0530446  -0.25626048 -0.24536066 -0.33818576 -0.46818796 -0.48805404
 -0.24138919  0.22177415  0.2693768   0.27897272  0.5314427   0.06319764
  0.12984525  0.19431172  0.33496004 -0.11193635 -0.09405313  0.23660839
 -0.24884203]"
n_1000_rep_26_dist_gaussian_homo_SNR_1_point_estimates,scale,Intercept,[0.5479474]
