scenario_index,param_y,param_eta,value
n_1000_rep_61_dist_gaussian_homo_SNR_8_point_estimates,loc,Intercept,[-0.21272725]
n_1000_rep_61_dist_gaussian_homo_SNR_8_point_estimates,loc,X1,[-0.37129733]
n_1000_rep_61_dist_gaussian_homo_SNR_8_point_estimates,loc,X2,[-0.1098162]
n_1000_rep_61_dist_gaussian_homo_SNR_8_point_estimates,loc,"spline(Z1, bs='bs', df=20)","[ 0.33423728 -0.158939   -0.06030231  0.28142047  0.24895215  0.38901475
 -0.04865984 -0.32183892  0.07418216  0.0556921   0.0219252  -0.22745009
 -0.02041012  0.00510525 -0.32523295 -0.29298553  0.18718153  0.02723997
  0.08532836]"
n_1000_rep_61_dist_gaussian_homo_SNR_8_point_estimates,loc,"spline(Z2, bs='bs', df=20)","[ 0.49173182 -0.16449112 -0.4612351  -0.18048264 -0.1451134  -0.39679298
 -0.14784104 -0.48872963 -0.2817541   0.01885778 -0.07602818  0.09765003
  0.38530722  0.6616116   0.30668652 -0.498281    0.10077286  0.6773742
  0.47303182]"
n_1000_rep_61_dist_gaussian_homo_SNR_8_point_estimates,scale,Intercept,[0.55001605]
