scenario_index,param_y,param_eta,value
n_1000_rep_89_dist_gaussian_homo_SNR_8_point_estimates,loc,Intercept,[-0.27840677]
n_1000_rep_89_dist_gaussian_homo_SNR_8_point_estimates,loc,X1,[-0.27708668]
n_1000_rep_89_dist_gaussian_homo_SNR_8_point_estimates,loc,X2,[-0.14887737]
n_1000_rep_89_dist_gaussian_homo_SNR_8_point_estimates,loc,"spline(Z1, bs='bs', df=20)","[-0.27623758 -0.09771774  0.49555278  0.5395539   0.42498806  0.164408
 -0.4217675  -0.19590935 -0.27834204 -0.32780725 -0.2225396   0.1529834
 -0.05230055  0.22362383 -0.32926115  0.13980989  0.23145495  0.17560916
 -0.3170281 ]"
n_1000_rep_89_dist_gaussian_homo_SNR_8_point_estimates,loc,"spline(Z2, bs='bs', df=20)","[-0.15151246 -0.4177099  -0.42107257 -0.15929407 -0.00940475 -0.4084057
 -0.36074597 -0.41600627  0.00382186  0.5710287   0.2740565   0.3231311
  0.54045415  0.24998145  0.27375606  0.01219014  0.27670744  0.09342144
 -0.1985734 ]"
n_1000_rep_89_dist_gaussian_homo_SNR_8_point_estimates,scale,Intercept,[0.93988585]
