scenario_index,param_y,param_eta,value
n_1000_rep_51_dist_gaussian_homo_SNR_8_point_estimates,loc,Intercept,[-0.30980194]
n_1000_rep_51_dist_gaussian_homo_SNR_8_point_estimates,loc,X1,[-0.03963527]
n_1000_rep_51_dist_gaussian_homo_SNR_8_point_estimates,loc,X2,[-0.5862274]
n_1000_rep_51_dist_gaussian_homo_SNR_8_point_estimates,loc,"spline(Z1, bs='bs', df=20)","[ 0.49994344  0.36983243  0.59180206  0.938701    0.96031916  0.9064894
  0.72281224  0.4922919   0.29400188  0.3004686  -0.10404406 -0.5459675
 -0.50435036 -0.5861826  -1.1469104  -0.61656535 -0.5624358  -0.45940003
 -0.1996086 ]"
n_1000_rep_51_dist_gaussian_homo_SNR_8_point_estimates,loc,"spline(Z2, bs='bs', df=20)","[-0.11643935 -0.58513135 -0.69747114 -0.36081326 -0.35294664 -0.541998
 -0.49123126 -0.09235995 -0.22182922 -0.24722412 -0.2831137  -0.2900028
  0.26509425 -0.03615814  0.5797563   0.48965088  0.66609013  0.9454919
  0.737397  ]"
n_1000_rep_51_dist_gaussian_homo_SNR_8_point_estimates,scale,Intercept,[0.5303588]
