scenario_index,param_y,param_eta,value
n_1000_rep_31_dist_gaussian_homo_SNR_1_point_estimates,loc,Intercept,[0.08190259]
n_1000_rep_31_dist_gaussian_homo_SNR_1_point_estimates,loc,X1,[0.05261267]
n_1000_rep_31_dist_gaussian_homo_SNR_1_point_estimates,loc,X2,[0.21552943]
n_1000_rep_31_dist_gaussian_homo_SNR_1_point_estimates,loc,"spline(Z1, bs='bs', df=20)","[ 0.2722761   0.6446465   0.1740525   0.0988394  -0.25508872  0.17078201
  0.17171122 -0.04988069 -0.3048819  -0.30019245  0.05466809 -0.6918403
 -0.31815797  0.26638007 -0.08364764 -0.31904778  0.23262429  0.7639294
  0.76127046]"
n_1000_rep_31_dist_gaussian_homo_SNR_1_point_estimates,loc,"spline(Z2, bs='bs', df=20)","[ 0.22849128 -0.3230845  -0.37987456 -0.4603388  -0.00276706  0.3392051
  0.15270694  0.02770695  0.01489423 -0.06613273  0.05274814 -0.14105394
  0.12532374  0.18581693  0.07500178  0.05008536  0.08222182  0.1452271
 -0.3321491 ]"
n_1000_rep_31_dist_gaussian_homo_SNR_1_point_estimates,scale,Intercept,[0.5438266]
