scenario_index,param_y,param_eta,value
n_1000_rep_43_dist_gaussian_homo_SNR_8_point_estimates,loc,Intercept,[-0.32317013]
n_1000_rep_43_dist_gaussian_homo_SNR_8_point_estimates,loc,X1,[-0.16955994]
n_1000_rep_43_dist_gaussian_homo_SNR_8_point_estimates,loc,X2,[-0.29427493]
n_1000_rep_43_dist_gaussian_homo_SNR_8_point_estimates,loc,"spline(Z1, bs='bs', df=20)","[ 0.3028291   0.3377315   0.55395836  0.7655989   0.6246082   0.75001895
  0.6575709   0.64709777  0.7468857   0.17708845 -0.39445013 -0.51265997
 -0.51571685 -0.75362533 -0.7418747  -0.85518914 -0.4883238  -0.52695954
 -0.27582255]"
n_1000_rep_43_dist_gaussian_homo_SNR_8_point_estimates,loc,"spline(Z2, bs='bs', df=20)","[-0.30618337 -0.4134937  -0.1995592  -0.23160893 -0.166339   -0.2919414
 -0.84328395 -0.4044328   0.10497502 -0.07605398 -0.2607625  -0.3404314
  0.04487298  0.3552248   0.09620456  0.51349497  0.8506406   0.89899045
  0.5715627 ]"
n_1000_rep_43_dist_gaussian_homo_SNR_8_point_estimates,scale,Intercept,[0.32074958]
