scenario_index,param_y,param_eta,value
n_1000_rep_99_dist_gaussian_homo_SNR_8_point_estimates,loc,Intercept,[-0.35268232]
n_1000_rep_99_dist_gaussian_homo_SNR_8_point_estimates,loc,X1,[-0.25641078]
n_1000_rep_99_dist_gaussian_homo_SNR_8_point_estimates,loc,X2,[-0.3054026]
n_1000_rep_99_dist_gaussian_homo_SNR_8_point_estimates,loc,"spline(Z1, bs='bs', df=20)","[ 0.56514746  0.19069962  0.46603978  0.84356546  0.73295295  1.0092294
  0.50954854  0.2408311   0.20756651 -0.19231614 -0.43214536 -0.58426696
 -0.6170715  -0.91984016 -0.6628225  -0.2200111  -0.3438339  -0.3747049
  0.39173833]"
n_1000_rep_99_dist_gaussian_homo_SNR_8_point_estimates,loc,"spline(Z2, bs='bs', df=20)","[-0.5856961  -0.68221724 -0.45877177 -0.29146034 -0.03400362  0.02590898
 -0.419664   -0.18373372  0.04740704 -0.11709854 -0.24187101 -0.12903875
 -0.09799661  0.29097164  0.55550855  0.49978724  0.5224896   0.76162046
  0.6014418 ]"
n_1000_rep_99_dist_gaussian_homo_SNR_8_point_estimates,scale,Intercept,[0.32169056]
