scenario_index,param_y,param_eta,value
n_1000_rep_33_dist_gaussian_homo_SNR_1_point_estimates,loc,Intercept,[-0.33941808]
n_1000_rep_33_dist_gaussian_homo_SNR_1_point_estimates,loc,X1,[-0.13764007]
n_1000_rep_33_dist_gaussian_homo_SNR_1_point_estimates,loc,X2,[-0.34365192]
n_1000_rep_33_dist_gaussian_homo_SNR_1_point_estimates,loc,"spline(Z1, bs='bs', df=20)","[ 0.06373505  0.41897756  0.39806724  0.7289525   0.794141    0.9977586
  0.5864841   0.11801321  0.05423412  0.06866701 -0.21969922 -0.50829005
 -0.46846867 -0.60655814 -0.6307463  -0.7233175  -0.3615008  -0.1138202
 -0.10950933]"
n_1000_rep_33_dist_gaussian_homo_SNR_1_point_estimates,loc,"spline(Z2, bs='bs', df=20)","[-0.00415025 -0.06291226 -0.45080003 -0.6177277  -0.5106597  -0.19234672
 -0.1793587  -0.4135619  -0.3725832  -0.20062663 -0.02890858 -0.02945738
  0.0730129   0.11339527  0.39220482  0.5217997   0.7807247   0.6842181
  0.5793008 ]"
n_1000_rep_33_dist_gaussian_homo_SNR_1_point_estimates,scale,Intercept,[0.3408062]
