scenario_index,param_y,param_eta,value
n_1000_rep_28_dist_gaussian_homo_SNR_1_point_estimates,loc,Intercept,[-0.09885685]
n_1000_rep_28_dist_gaussian_homo_SNR_1_point_estimates,loc,X1,[0.09317293]
n_1000_rep_28_dist_gaussian_homo_SNR_1_point_estimates,loc,X2,[0.03605877]
n_1000_rep_28_dist_gaussian_homo_SNR_1_point_estimates,loc,"spline(Z1, bs='bs', df=20)","[ 0.21717998  0.49887326 -0.23685957 -0.07359282  0.0828381   0.31725833
 -0.22856992 -0.4822087  -0.04910112 -0.11324213  0.07288776  0.00920967
 -0.0794712  -0.01790392  0.4733862  -0.04306161 -0.04757309  0.07125814
  0.28105035]"
n_1000_rep_28_dist_gaussian_homo_SNR_1_point_estimates,loc,"spline(Z2, bs='bs', df=20)","[ 0.11102978 -0.30482438 -0.14802021  0.08741274 -0.18152069  0.29970104
  0.416613    0.3957045   0.14846575 -0.32675162 -0.08750935 -0.00636775
  0.73659354  0.26159114 -0.34625274 -0.5838887  -0.50081134 -0.16429429
  0.252728  ]"
n_1000_rep_28_dist_gaussian_homo_SNR_1_point_estimates,scale,Intercept,[0.55705225]
