scenario_index,param_y,param_eta,value
n_1000_rep_83_dist_gaussian_homo_SNR_1_point_estimates,loc,Intercept,[-0.29979277]
n_1000_rep_83_dist_gaussian_homo_SNR_1_point_estimates,loc,X1,[-0.16284432]
n_1000_rep_83_dist_gaussian_homo_SNR_1_point_estimates,loc,X2,[-0.36487883]
n_1000_rep_83_dist_gaussian_homo_SNR_1_point_estimates,loc,"spline(Z1, bs='bs', df=20)","[ 0.25524408  0.6167474   0.8041495   0.5222076   0.774022    0.8497211
  0.6541136   0.6588492   0.56156534  0.19059485 -0.22512417 -0.5528715
 -0.7861285  -0.59121877 -0.85886055 -0.6867961  -0.6996979  -0.16574147
 -0.49662343]"
n_1000_rep_83_dist_gaussian_homo_SNR_1_point_estimates,loc,"spline(Z2, bs='bs', df=20)","[-0.61375517 -0.7635757  -0.5341551  -0.34838474 -0.08548374 -0.17584205
 -0.3111642  -0.41867453 -0.18884814 -0.31954113  0.03979385  0.11228808
 -0.06392207 -0.08849141  0.47983104  0.563997    0.742234    1.0854199
  0.6688371 ]"
n_1000_rep_83_dist_gaussian_homo_SNR_1_point_estimates,scale,Intercept,[0.47651422]
