scenario_index,param_y,param_eta,value
n_1000_rep_44_dist_gaussian_homo_SNR_8_point_estimates,loc,Intercept,[-0.32271412]
n_1000_rep_44_dist_gaussian_homo_SNR_8_point_estimates,loc,X1,[-0.20573844]
n_1000_rep_44_dist_gaussian_homo_SNR_8_point_estimates,loc,X2,[-0.2680515]
n_1000_rep_44_dist_gaussian_homo_SNR_8_point_estimates,loc,"spline(Z1, bs='bs', df=20)","[-0.2288239  -0.08011029  0.4060862   0.5953914   0.82292145  1.0275497
  0.69253665  0.5873717   0.5096638   0.00172973 -0.43554297 -0.77052885
 -0.5541897  -0.82306284 -0.6355957  -0.7784157  -0.18909298 -0.08763525
 -0.26703233]"
n_1000_rep_44_dist_gaussian_homo_SNR_8_point_estimates,loc,"spline(Z2, bs='bs', df=20)","[-0.14535077 -0.3732621  -0.38668203  0.20236671 -0.01468191 -0.39188138
 -0.4267924  -0.2044402  -0.31620318 -0.20600215 -0.33077312 -0.18519022
  0.31713855  0.30622202  0.33178276  0.446944    0.7523797   0.8001407
  0.55608004]"
n_1000_rep_44_dist_gaussian_homo_SNR_8_point_estimates,scale,Intercept,[0.32082808]
