scenario_index,param_y,param_eta,value
n_1000_rep_39_dist_gaussian_homo_SNR_1_point_estimates,loc,Intercept,[-0.29151732]
n_1000_rep_39_dist_gaussian_homo_SNR_1_point_estimates,loc,X1,[-0.0896501]
n_1000_rep_39_dist_gaussian_homo_SNR_1_point_estimates,loc,X2,[-0.27530742]
n_1000_rep_39_dist_gaussian_homo_SNR_1_point_estimates,loc,"spline(Z1, bs='bs', df=20)","[ 0.16965298  0.394657    0.4450652   0.94222873  0.6657305   0.7780385
  0.60536855  0.4194584   0.41397825 -0.02320877 -0.22824736 -0.6013188
 -0.42347407 -0.70591885 -0.83126956 -0.97406226 -0.41186434 -0.37938258
 -0.16978747]"
n_1000_rep_39_dist_gaussian_homo_SNR_1_point_estimates,loc,"spline(Z2, bs='bs', df=20)","[-0.44456744 -0.43871707 -0.10014175 -0.16826998 -0.49235186 -0.06923245
 -0.02933514 -0.05243354 -0.19279651 -0.20322452  0.02017316  0.01913619
  0.09758729  0.03190151  0.36198607  0.32085904  0.6656383   0.72475636
  0.6224622 ]"
n_1000_rep_39_dist_gaussian_homo_SNR_1_point_estimates,scale,Intercept,[0.3178765]
