scenario_index,param_y,param_eta,value
n_1000_rep_30_dist_gaussian_homo_SNR_8_point_estimates,loc,Intercept,[-0.4059299]
n_1000_rep_30_dist_gaussian_homo_SNR_8_point_estimates,loc,X1,[-0.2515592]
n_1000_rep_30_dist_gaussian_homo_SNR_8_point_estimates,loc,X2,[-0.3388949]
n_1000_rep_30_dist_gaussian_homo_SNR_8_point_estimates,loc,"spline(Z1, bs='bs', df=20)","[ 0.05419134  0.54899395  0.7810356   0.87386316  0.43661585  0.6036672
  0.32147118  0.41997066  0.4156866  -0.00917149 -0.14509512 -0.3948667
 -0.4565881  -0.6604191  -0.64153224 -0.6354067  -0.43798137 -0.1643879
 -0.16976535]"
n_1000_rep_30_dist_gaussian_homo_SNR_8_point_estimates,loc,"spline(Z2, bs='bs', df=20)","[ 0.02394419 -0.10370464 -0.5022288  -0.31595895 -0.1325926  -0.24452667
 -0.5250179  -0.32681948 -0.28329414 -0.27438626 -0.2601552   0.00553245
 -0.08208289  0.4115273   0.6994537   0.22912323  0.60609436  0.94046086
  0.67050046]"
n_1000_rep_30_dist_gaussian_homo_SNR_8_point_estimates,scale,Intercept,[0.33290073]
