scenario_index,param_y,param_eta,value
n_1000_rep_33_dist_gaussian_homo_SNR_8_point_estimates,loc,Intercept,[-0.35252756]
n_1000_rep_33_dist_gaussian_homo_SNR_8_point_estimates,loc,X1,[-0.09521973]
n_1000_rep_33_dist_gaussian_homo_SNR_8_point_estimates,loc,X2,[-0.44947827]
n_1000_rep_33_dist_gaussian_homo_SNR_8_point_estimates,loc,"spline(Z1, bs='bs', df=20)","[ 0.03288572  0.37795842  0.3518035   0.75212365  0.8670074   0.9318106
  0.71332586  0.38723528  0.05484712 -0.19385482 -0.15741834 -0.21021762
 -0.79118073 -0.5130934  -0.829398   -0.49286503 -0.67570794 -0.16209286
 -0.09354956]"
n_1000_rep_33_dist_gaussian_homo_SNR_8_point_estimates,loc,"spline(Z2, bs='bs', df=20)","[-0.16017415 -0.16599755 -0.27724287 -0.5396542  -0.2497623   0.01528092
 -0.05929912 -0.43779835 -0.35956335 -0.19843647 -0.16146548 -0.2918905
 -0.01077616 -0.16251962  0.37903976  0.6040632   0.6705232   0.6939572
  0.5537092 ]"
n_1000_rep_33_dist_gaussian_homo_SNR_8_point_estimates,scale,Intercept,[0.52742046]
