scenario_index,param_y,param_eta,value
n_1000_rep_67_dist_gaussian_homo_SNR_8_point_estimates,loc,Intercept,[-0.31088483]
n_1000_rep_67_dist_gaussian_homo_SNR_8_point_estimates,loc,X1,[-0.13526924]
n_1000_rep_67_dist_gaussian_homo_SNR_8_point_estimates,loc,X2,[-0.42890015]
n_1000_rep_67_dist_gaussian_homo_SNR_8_point_estimates,loc,"spline(Z1, bs='bs', df=20)","[-0.0473667   0.21258043  0.5116255   0.9099625   0.88093686  0.8561642
  0.7586226   0.6395486   0.6275487   0.21363267 -0.33190045 -0.6052625
 -0.62318146 -0.705727   -0.8482872  -0.60782874 -0.8923433  -0.48941746
 -0.09340253]"
n_1000_rep_67_dist_gaussian_homo_SNR_8_point_estimates,loc,"spline(Z2, bs='bs', df=20)","[ 0.09445168 -0.42530775 -0.6094727  -0.24974692 -0.4276328  -0.30371845
 -0.66813695 -0.23836572 -0.28253043 -0.12952016 -0.06875337 -0.51553035
 -0.12138679  0.21566059  0.39354962  0.35650027  0.76939297  1.0939766
  0.78234136]"
n_1000_rep_67_dist_gaussian_homo_SNR_8_point_estimates,scale,Intercept,[0.54783547]
