scenario_index,param_y,param_eta,value
n_1000_rep_11_dist_gaussian_homo_SNR_8_point_estimates,loc,Intercept,[-0.4148869]
n_1000_rep_11_dist_gaussian_homo_SNR_8_point_estimates,loc,X1,[-0.19443567]
n_1000_rep_11_dist_gaussian_homo_SNR_8_point_estimates,loc,X2,[-0.30588168]
n_1000_rep_11_dist_gaussian_homo_SNR_8_point_estimates,loc,"spline(Z1, bs='bs', df=20)","[ 0.00189467  0.33540276  0.58943176  0.5178598   0.59426516  0.80601645
  0.5414044   0.5421552   0.4636878   0.15709014 -0.02691332 -0.55779546
 -0.48469183 -0.6243689  -0.5890974  -0.7507937  -0.2973659  -0.31196663
 -0.29195666]"
n_1000_rep_11_dist_gaussian_homo_SNR_8_point_estimates,loc,"spline(Z2, bs='bs', df=20)","[-0.3542012  -0.57025605 -0.39122945 -0.40048409  0.02155076 -0.0485803
 -0.31454468 -0.12718002 -0.07035773 -0.36591384 -0.3393097  -0.27633438
 -0.15022054  0.07008342  0.42288405  0.4765783   0.7926376   1.0176398
  0.7254011 ]"
n_1000_rep_11_dist_gaussian_homo_SNR_8_point_estimates,scale,Intercept,[0.3081961]
