scenario_index,param_y,param_eta,value
n_1000_rep_8_dist_gaussian_homo_SNR_1_point_estimates,loc,Intercept,[-0.23721188]
n_1000_rep_8_dist_gaussian_homo_SNR_1_point_estimates,loc,X1,[-0.14185707]
n_1000_rep_8_dist_gaussian_homo_SNR_1_point_estimates,loc,X2,[-0.38241923]
n_1000_rep_8_dist_gaussian_homo_SNR_1_point_estimates,loc,"spline(Z1, bs='bs', df=20)","[ 0.22859135  0.328192    0.72971654  0.4118881   0.5407396   0.85483813
  0.8395245   0.7442006   0.18174107  0.21535878 -0.28992122 -0.6029908
 -0.47798374 -0.59040624 -0.9319539  -0.56589884 -0.64791435 -0.41210434
  0.12122705]"
n_1000_rep_8_dist_gaussian_homo_SNR_1_point_estimates,loc,"spline(Z2, bs='bs', df=20)","[-0.17945404 -0.6012355  -0.48656264 -0.33242896 -0.26849976 -0.00691196
 -0.30314505 -0.07015065 -0.24964839 -0.1537633  -0.17172842 -0.05751301
  0.13377221  0.13622004  0.74095714  0.4959423   0.6120048   0.5986014
  0.159182  ]"
n_1000_rep_8_dist_gaussian_homo_SNR_1_point_estimates,scale,Intercept,[0.5139825]
