scenario_index,param_y,param_eta,value
n_1000_rep_54_dist_gaussian_homo_SNR_8_point_estimates,loc,Intercept,[-0.33955556]
n_1000_rep_54_dist_gaussian_homo_SNR_8_point_estimates,loc,X1,[-0.20867884]
n_1000_rep_54_dist_gaussian_homo_SNR_8_point_estimates,loc,X2,[-0.38823268]
n_1000_rep_54_dist_gaussian_homo_SNR_8_point_estimates,loc,"spline(Z1, bs='bs', df=20)","[ 0.12953252  0.2634811   0.39795324  0.48641106  0.49513742  0.8611085
  0.7131522   0.5682734   0.4104044  -0.14490353 -0.53234494  0.11465179
 -0.516706   -0.8893179  -0.75742203 -0.5078962  -0.72604525 -0.45092222
  0.56477773]"
n_1000_rep_54_dist_gaussian_homo_SNR_8_point_estimates,loc,"spline(Z2, bs='bs', df=20)","[-0.07455736 -0.5882288  -0.6259842  -0.3012033  -0.76371306 -0.45797348
 -0.2588367  -0.1486897  -0.22546335 -0.3792697   0.05269516 -0.2391444
 -0.28674114  0.26983893  0.4040016   0.61722827  1.0241456   1.1759589
  1.0242144 ]"
n_1000_rep_54_dist_gaussian_homo_SNR_8_point_estimates,scale,Intercept,[0.4970279]
