scenario_index,param_y,param_eta,value
n_1000_rep_5_dist_gaussian_homo_SNR_1_point_estimates,loc,Intercept,[-0.28582162]
n_1000_rep_5_dist_gaussian_homo_SNR_1_point_estimates,loc,X1,[-0.14670426]
n_1000_rep_5_dist_gaussian_homo_SNR_1_point_estimates,loc,X2,[-0.32732236]
n_1000_rep_5_dist_gaussian_homo_SNR_1_point_estimates,loc,"spline(Z1, bs='bs', df=20)","[ 0.01968617  0.19129798  0.34046543  0.83986264  0.642211    0.8945455
  0.63381034  0.395218    0.18068698  0.28642327 -0.10288224 -0.6119334
 -0.42314574 -0.75295156 -0.8153215  -0.71877205 -0.24955545 -0.3350413
 -0.11303601]"
n_1000_rep_5_dist_gaussian_homo_SNR_1_point_estimates,loc,"spline(Z2, bs='bs', df=20)","[-0.17325059 -0.12564133 -0.40351975 -0.7083586  -0.24251643 -0.40527874
 -0.52262515 -0.20120552  0.0303374   0.05473038  0.1438053  -0.6038373
 -0.04696251  0.14845738  0.38266924  0.44588947  0.7887585   0.79622626
  0.5871733 ]"
n_1000_rep_5_dist_gaussian_homo_SNR_1_point_estimates,scale,Intercept,[0.3343841]
