scenario_index,param_y,param_eta,value
n_1000_rep_79_dist_gaussian_homo_SNR_1_point_estimates,loc,Intercept,[-0.305482]
n_1000_rep_79_dist_gaussian_homo_SNR_1_point_estimates,loc,X1,[0.00694751]
n_1000_rep_79_dist_gaussian_homo_SNR_1_point_estimates,loc,X2,[-0.43056267]
n_1000_rep_79_dist_gaussian_homo_SNR_1_point_estimates,loc,"spline(Z1, bs='bs', df=20)","[ 0.1573058   0.2179414   0.34189072  0.8637013   0.85548735  0.86458796
  0.5777731   0.3476877   0.1058057  -0.08663489 -0.21533227 -0.548157
 -0.53832877 -0.7161851  -0.7741027  -0.56368804 -0.68475014 -0.54152536
 -0.72104824]"
n_1000_rep_79_dist_gaussian_homo_SNR_1_point_estimates,loc,"spline(Z2, bs='bs', df=20)","[-0.61136365 -0.5243862  -0.24133419 -0.2987983  -0.63213915 -0.27372926
 -0.15509513 -0.2159405  -0.23004785 -0.47444907  0.10127182 -0.16369602
  0.15460971  0.14269936  0.3624131   0.6022937   0.9997982   1.092985
  0.6925631 ]"
n_1000_rep_79_dist_gaussian_homo_SNR_1_point_estimates,scale,Intercept,[0.5866345]
