scenario_index,param_y,param_eta,value
n_1000_rep_24_dist_gaussian_homo_SNR_8_point_estimates,loc,Intercept,[-0.37745917]
n_1000_rep_24_dist_gaussian_homo_SNR_8_point_estimates,loc,X1,[-0.2427692]
n_1000_rep_24_dist_gaussian_homo_SNR_8_point_estimates,loc,X2,[-0.3633726]
n_1000_rep_24_dist_gaussian_homo_SNR_8_point_estimates,loc,"spline(Z1, bs='bs', df=20)","[-0.15441805  0.45725036  0.51471794  0.68878007  0.72123593  1.0134296
  0.7615985   0.5308913   0.10982093 -0.03992801 -0.18204343 -0.6346273
 -0.7260978  -0.53973633 -0.59773415 -0.85097    -0.18502639 -0.25848696
 -0.26861635]"
n_1000_rep_24_dist_gaussian_homo_SNR_8_point_estimates,loc,"spline(Z2, bs='bs', df=20)","[-0.2733321  -0.23601645 -0.37034473 -0.40612143 -0.22415946 -0.4340451
 -0.4454467  -0.21811919 -0.13722414 -0.10545988  0.08984002  0.00166312
 -0.12339143  0.2438287   0.6180013   0.6989506   0.78171825  0.64905304
  0.47688815]"
n_1000_rep_24_dist_gaussian_homo_SNR_8_point_estimates,scale,Intercept,[0.29998606]
