scenario_index,param_y,param_eta,value
n_1000_rep_61_dist_gaussian_homo_SNR_1_point_estimates,loc,Intercept,[-0.03291759]
n_1000_rep_61_dist_gaussian_homo_SNR_1_point_estimates,loc,X1,[-0.32726428]
n_1000_rep_61_dist_gaussian_homo_SNR_1_point_estimates,loc,X2,[-0.04529779]
n_1000_rep_61_dist_gaussian_homo_SNR_1_point_estimates,loc,"spline(Z1, bs='bs', df=20)","[ 0.14195965 -0.22843327 -0.01283507 -0.12359261  0.2741422   0.53098184
  0.00933594 -0.16117293 -0.05325834 -0.03142921  0.08594999  0.11876092
 -0.22007324 -0.14013274 -0.46360907 -0.32826805  0.14513497  0.35709053
  0.05654032]"
n_1000_rep_61_dist_gaussian_homo_SNR_1_point_estimates,loc,"spline(Z2, bs='bs', df=20)","[ 0.49121487 -0.19956951 -0.42164367 -0.29498008 -0.38002062 -0.308735
 -0.04494283 -0.15826076 -0.18474789 -0.05200406 -0.12868516 -0.08518687
  0.4581899   0.7139098   0.56027067 -0.33410543 -0.09715301  0.45272702
  0.3559307 ]"
n_1000_rep_61_dist_gaussian_homo_SNR_1_point_estimates,scale,Intercept,[0.93361706]
