scenario_index,param_y,param_eta,value
n_1000_rep_1_dist_gaussian_homo_SNR_8_point_estimates,loc,Intercept,[-0.30456]
n_1000_rep_1_dist_gaussian_homo_SNR_8_point_estimates,loc,X1,[-0.03427009]
n_1000_rep_1_dist_gaussian_homo_SNR_8_point_estimates,loc,X2,[-0.4512273]
n_1000_rep_1_dist_gaussian_homo_SNR_8_point_estimates,loc,"spline(Z1, bs='bs', df=20)","[ 0.16080171  0.25088856  0.5842787   0.83142954  0.7875132   0.7604189
  0.63976586  0.5769412   0.47098002 -0.02758357 -0.3479173  -0.53929216
 -0.7691597  -0.41394022 -0.78612643 -0.39393502 -0.83998877 -0.4948084
 -0.36536968]"
n_1000_rep_1_dist_gaussian_homo_SNR_8_point_estimates,loc,"spline(Z2, bs='bs', df=20)","[-0.18469962 -0.46849996 -0.30355284 -0.30671427 -0.26188603 -0.5091045
 -0.20835347 -0.65040857 -0.29583722 -0.31501958 -0.02381843  0.12251425
  0.25545147  0.25806314  0.48340473  0.67373216  0.6612736   0.89211494
  0.64725006]"
n_1000_rep_1_dist_gaussian_homo_SNR_8_point_estimates,scale,Intercept,[0.5078158]
