scenario_index,param_y,param_eta,value
n_1000_rep_4_dist_gaussian_homo_SNR_8_point_estimates,loc,Intercept,[-0.45108873]
n_1000_rep_4_dist_gaussian_homo_SNR_8_point_estimates,loc,X1,[-0.06821791]
n_1000_rep_4_dist_gaussian_homo_SNR_8_point_estimates,loc,X2,[-0.3510619]
n_1000_rep_4_dist_gaussian_homo_SNR_8_point_estimates,loc,"spline(Z1, bs='bs', df=20)","[ 0.11655038  0.53300583  0.6325199   0.79195315  0.5813879   0.8131476
  0.6393308   0.41306835  0.16820174 -0.13156173 -0.28193817 -0.6688822
 -0.51630664 -0.58875257 -0.84049416 -0.6599662  -0.39346763 -0.2315251
  0.10915515]"
n_1000_rep_4_dist_gaussian_homo_SNR_8_point_estimates,loc,"spline(Z2, bs='bs', df=20)","[-0.21567017 -0.13066983 -0.17886433 -0.4279511  -0.19548856 -0.14811847
 -0.32374802 -0.40384197 -0.3461124  -0.29092905  0.1774349   0.32901552
 -0.09586067  0.06898727  0.6527319   0.634585    0.6524688   0.82390076
  0.42073864]"
n_1000_rep_4_dist_gaussian_homo_SNR_8_point_estimates,scale,Intercept,[0.31646812]
