scenario_index,param_y,param_eta,value
n_1000_rep_1_dist_gaussian_homo_SNR_1_point_estimates,loc,Intercept,[-0.28808087]
n_1000_rep_1_dist_gaussian_homo_SNR_1_point_estimates,loc,X1,[-0.01640686]
n_1000_rep_1_dist_gaussian_homo_SNR_1_point_estimates,loc,X2,[-0.37231833]
n_1000_rep_1_dist_gaussian_homo_SNR_1_point_estimates,loc,"spline(Z1, bs='bs', df=20)","[ 0.10824427  0.34779474  0.38241658  0.7426965   0.6987447   0.8321217
  0.5547533   0.39493403  0.6236568   0.09660466 -0.49891102 -0.6810146
 -0.56460327 -0.48074496 -0.6162391  -0.7291173  -0.64661247 -0.63054895
 -0.18678117]"
n_1000_rep_1_dist_gaussian_homo_SNR_1_point_estimates,loc,"spline(Z2, bs='bs', df=20)","[-0.25039586 -0.3578029  -0.26584482 -0.408695   -0.45220715 -0.36415243
 -0.2386789  -0.5948734  -0.09735262 -0.26266086 -0.06349829  0.09696188
  0.309588    0.3723024   0.4947161   0.5813274   0.75366575  0.7972891
  0.6111275 ]"
n_1000_rep_1_dist_gaussian_homo_SNR_1_point_estimates,scale,Intercept,[0.30799323]
