scenario_index,param_y,param_eta,value
n_1000_rep_11_dist_gaussian_homo_SNR_1_point_estimates,loc,Intercept,[-0.38012853]
n_1000_rep_11_dist_gaussian_homo_SNR_1_point_estimates,loc,X1,[-0.19028428]
n_1000_rep_11_dist_gaussian_homo_SNR_1_point_estimates,loc,X2,[-0.38333714]
n_1000_rep_11_dist_gaussian_homo_SNR_1_point_estimates,loc,"spline(Z1, bs='bs', df=20)","[ 0.07286423  0.30099103  0.55725276  0.59328324  0.71650857  0.90307647
  0.68568546  0.6545875   0.29473165  0.04122254 -0.08208286 -0.38770792
 -0.6871942  -0.5044426  -0.726986   -0.59377676 -0.49295783 -0.36780176
 -0.7515777 ]"
n_1000_rep_11_dist_gaussian_homo_SNR_1_point_estimates,loc,"spline(Z2, bs='bs', df=20)","[-0.4180341  -0.5009452  -0.39713338 -0.60843307 -0.1220035  -0.11160188
 -0.50160366 -0.2655515  -0.2837919  -0.21515694 -0.3396915  -0.40554413
 -0.07163539  0.02604124  0.47506228  0.49948415  0.7002446   1.0000818
  0.77206475]"
n_1000_rep_11_dist_gaussian_homo_SNR_1_point_estimates,scale,Intercept,[0.499408]
