scenario_index,param_y,param_eta,value
n_1000_rep_83_dist_gaussian_homo_SNR_8_point_estimates,loc,Intercept,[-0.3460928]
n_1000_rep_83_dist_gaussian_homo_SNR_8_point_estimates,loc,X1,[-0.1488052]
n_1000_rep_83_dist_gaussian_homo_SNR_8_point_estimates,loc,X2,[-0.30583283]
n_1000_rep_83_dist_gaussian_homo_SNR_8_point_estimates,loc,"spline(Z1, bs='bs', df=20)","[ 0.04426357  0.5876618   0.6031593   0.64674807  0.5719013   0.85736537
  0.677357    0.6243325   0.70387465  0.09201796 -0.27134028 -0.68050754
 -0.6595044  -0.66301084 -0.7164554  -0.820168   -0.6149804  -0.19059718
 -0.18072848]"
n_1000_rep_83_dist_gaussian_homo_SNR_8_point_estimates,loc,"spline(Z2, bs='bs', df=20)","[-0.6450265  -0.7077355  -0.5878742  -0.15271038  0.07559905 -0.11077359
 -0.44913286 -0.49425083 -0.11305434 -0.1612113   0.14909828  0.12514375
  0.08686531 -0.01485112  0.46878326  0.55938834  0.8453598   0.9357028
  0.5979544 ]"
n_1000_rep_83_dist_gaussian_homo_SNR_8_point_estimates,scale,Intercept,[0.30393615]
