scenario_index,param_y,param_eta,value
n_1000_rep_40_dist_gaussian_homo_SNR_8_point_estimates,loc,Intercept,[-0.3838012]
n_1000_rep_40_dist_gaussian_homo_SNR_8_point_estimates,loc,X1,[-0.0369864]
n_1000_rep_40_dist_gaussian_homo_SNR_8_point_estimates,loc,X2,[-0.46862975]
n_1000_rep_40_dist_gaussian_homo_SNR_8_point_estimates,loc,"spline(Z1, bs='bs', df=20)","[ 0.32618022  0.4436462   0.39162806  0.7360715   0.6579551   0.9419011
  0.64038604  0.3975636   0.21932645 -0.1505844   0.12676664 -0.23671082
 -0.68953216 -0.6590229  -0.6939742  -1.0092661  -0.6146978  -0.44683695
 -0.27613798]"
n_1000_rep_40_dist_gaussian_homo_SNR_8_point_estimates,loc,"spline(Z2, bs='bs', df=20)","[-0.2939157  -0.07418475  0.08388828 -0.23234776 -0.19966295 -0.40351316
 -0.4017912  -0.4039972  -0.46230888 -0.17936304 -0.17721629 -0.11668471
 -0.21622911  0.00908082  0.6900436   0.5481488   0.69763345  0.8592233
  0.62718195]"
n_1000_rep_40_dist_gaussian_homo_SNR_8_point_estimates,scale,Intercept,[0.33256444]
