scenario_index,param_y,param_eta,value
n_1000_rep_6_dist_gaussian_homo_SNR_1_point_estimates,loc,Intercept,[-0.40519607]
n_1000_rep_6_dist_gaussian_homo_SNR_1_point_estimates,loc,X1,[-0.21542409]
n_1000_rep_6_dist_gaussian_homo_SNR_1_point_estimates,loc,X2,[-0.3351266]
n_1000_rep_6_dist_gaussian_homo_SNR_1_point_estimates,loc,"spline(Z1, bs='bs', df=20)","[-0.0386609   0.25606012  0.2151279   0.8732372   0.64000076  0.85754174
  0.82123744  0.6507273   0.2435594   0.11097706  0.1095881  -0.4688148
 -0.5399976  -0.6966335  -0.7354865  -0.64925915 -0.2857919  -0.47768676
 -0.13711314]"
n_1000_rep_6_dist_gaussian_homo_SNR_1_point_estimates,loc,"spline(Z2, bs='bs', df=20)","[-0.18910508 -0.30984646 -0.25063315 -0.2823576  -0.46891654 -0.32222292
 -0.44947493 -0.23430032  0.01074909 -0.17462207  0.19411139 -0.13928957
 -0.25363788  0.08910237  0.48964837  0.40509984  0.6591098   0.93719673
  0.5570993 ]"
n_1000_rep_6_dist_gaussian_homo_SNR_1_point_estimates,scale,Intercept,[0.31967628]
