scenario_index,param_y,param_eta,value
n_1000_rep_9_dist_gaussian_homo_SNR_8_point_estimates,loc,Intercept,[-0.35295185]
n_1000_rep_9_dist_gaussian_homo_SNR_8_point_estimates,loc,X1,[0.05912082]
n_1000_rep_9_dist_gaussian_homo_SNR_8_point_estimates,loc,X2,[-0.49218076]
n_1000_rep_9_dist_gaussian_homo_SNR_8_point_estimates,loc,"spline(Z1, bs='bs', df=20)","[ 0.16073611  0.3325816   0.5780865   0.7636032   1.022707    0.99308556
  0.4487141   0.27261272  0.38092858 -0.16743867 -0.22512469 -0.2384808
 -0.8518787  -0.67000073 -0.6516981  -0.56481475 -0.81533414 -0.36420235
  0.0120235 ]"
n_1000_rep_9_dist_gaussian_homo_SNR_8_point_estimates,loc,"spline(Z2, bs='bs', df=20)","[-0.44509143 -0.20414281 -0.44161072 -0.22246641 -0.03893441 -0.20617083
 -0.45471358 -0.13116586 -0.4243155  -0.58505654 -0.29490417 -0.04365267
  0.2464266   0.21889889  0.44242164  0.5681892   0.7093349   0.97112995
  0.7382825 ]"
n_1000_rep_9_dist_gaussian_homo_SNR_8_point_estimates,scale,Intercept,[0.5426473]
