scenario_index,param_y,param_eta,value
n_1000_rep_59_dist_gaussian_homo_SNR_8_point_estimates,loc,Intercept,[-0.40630323]
n_1000_rep_59_dist_gaussian_homo_SNR_8_point_estimates,loc,X1,[-0.19229257]
n_1000_rep_59_dist_gaussian_homo_SNR_8_point_estimates,loc,X2,[-0.4631819]
n_1000_rep_59_dist_gaussian_homo_SNR_8_point_estimates,loc,"spline(Z1, bs='bs', df=20)","[ 0.7081096   0.58166486  0.593043    0.71015984  0.8402622   0.8237411
  0.9080662   0.45775437  0.24847353  0.11264551 -0.41629237 -0.3600455
 -0.7729366  -0.74788386 -0.8526107  -0.5511834  -0.7246116  -0.12948439
 -0.18948236]"
n_1000_rep_59_dist_gaussian_homo_SNR_8_point_estimates,loc,"spline(Z2, bs='bs', df=20)","[-0.3009892  -0.26539406 -0.24067365 -0.4431912  -0.12822762  0.01850386
 -0.20124099 -0.32570028 -0.45336014 -0.12002276  0.08592567 -0.1680908
 -0.02023323 -0.09744167  0.49655148  0.58564645  0.58330315  0.6492474
  0.6115373 ]"
n_1000_rep_59_dist_gaussian_homo_SNR_8_point_estimates,scale,Intercept,[0.54823154]
