scenario_index,param_y,param_eta,value
n_1000_rep_72_dist_gaussian_homo_SNR_8_point_estimates,loc,Intercept,[-0.35812432]
n_1000_rep_72_dist_gaussian_homo_SNR_8_point_estimates,loc,X1,[0.01838506]
n_1000_rep_72_dist_gaussian_homo_SNR_8_point_estimates,loc,X2,[-0.46563992]
n_1000_rep_72_dist_gaussian_homo_SNR_8_point_estimates,loc,"spline(Z1, bs='bs', df=20)","[-0.15887496  0.16173619  0.7794907   0.85981655  0.78911155  0.7935394
  0.6424532   0.57988125  0.05692766 -0.29465213 -0.46603554 -0.65056103
 -0.7814033  -0.6749348  -0.8578037  -0.61124456 -0.3724078   0.18379243
  0.07512267]"
n_1000_rep_72_dist_gaussian_homo_SNR_8_point_estimates,loc,"spline(Z2, bs='bs', df=20)","[-0.4207758  -0.2256074  -0.3182084  -0.28255066 -0.14406133 -0.14496261
 -0.39638454 -0.49616435 -0.582554   -0.12878858  0.0373277   0.01660501
  0.10128775 -0.17911138  0.49569234  0.6058145   0.63839406  1.094342
  0.52484167]"
n_1000_rep_72_dist_gaussian_homo_SNR_8_point_estimates,scale,Intercept,[0.5551695]
