scenario_index,param_y,param_eta,value
n_1000_rep_76_dist_gaussian_homo_SNR_1_point_estimates,loc,Intercept,[-0.263279]
n_1000_rep_76_dist_gaussian_homo_SNR_1_point_estimates,loc,X1,[-0.06364361]
n_1000_rep_76_dist_gaussian_homo_SNR_1_point_estimates,loc,X2,[-0.30857164]
n_1000_rep_76_dist_gaussian_homo_SNR_1_point_estimates,loc,"spline(Z1, bs='bs', df=20)","[-0.21209922  0.2056105   0.8079262   1.0348159   1.0255626   0.98098534
  0.7032977   0.5134996   0.10781778 -0.14357321 -0.4892373  -0.5955198
 -0.7621304  -0.7584924  -0.85067105 -0.5767338  -0.6379609  -0.30116257
 -0.15124983]"
n_1000_rep_76_dist_gaussian_homo_SNR_1_point_estimates,loc,"spline(Z2, bs='bs', df=20)","[-0.03546089 -0.4789672  -0.2921125  -0.34413067 -0.523968   -0.1964896
 -0.17371808 -0.46378237 -0.24076405 -0.02697184 -0.16818812 -0.10381953
  0.05633176  0.21445857  0.5061019   0.54991347  0.38029605  0.7319884
  0.59063065]"
n_1000_rep_76_dist_gaussian_homo_SNR_1_point_estimates,scale,Intercept,[0.5297629]
