scenario_index,param_y,param_eta,value
n_1000_rep_85_dist_gaussian_homo_SNR_8_point_estimates,loc,Intercept,[-0.35806853]
n_1000_rep_85_dist_gaussian_homo_SNR_8_point_estimates,loc,X1,[-0.07871056]
n_1000_rep_85_dist_gaussian_homo_SNR_8_point_estimates,loc,X2,[-0.28094554]
n_1000_rep_85_dist_gaussian_homo_SNR_8_point_estimates,loc,"spline(Z1, bs='bs', df=20)","[ 0.6056654   0.5230853   0.15581897  0.48313895  0.5067056   0.89323646
  0.68144405  0.5653424   0.40949336 -0.0365232  -0.39174086 -0.45276445
 -0.55463225 -0.6971503  -0.6345615  -0.68742764 -0.442714   -0.10321282
  0.50742906]"
n_1000_rep_85_dist_gaussian_homo_SNR_8_point_estimates,loc,"spline(Z2, bs='bs', df=20)","[-0.15064685 -0.32477975 -0.5020157  -0.2336955  -0.429821   -0.15973297
 -0.1417391  -0.33612004 -0.24198362 -0.54110265 -0.12604396 -0.00107644
 -0.14442931  0.12017792  0.31543854  0.5193568   0.88098615  0.95191395
  0.62110656]"
n_1000_rep_85_dist_gaussian_homo_SNR_8_point_estimates,scale,Intercept,[0.32562992]
