scenario_index,param_y,param_eta,value
n_1000_rep_78_dist_gaussian_homo_SNR_8_point_estimates,loc,Intercept,[-0.28344655]
n_1000_rep_78_dist_gaussian_homo_SNR_8_point_estimates,loc,X1,[-0.14564988]
n_1000_rep_78_dist_gaussian_homo_SNR_8_point_estimates,loc,X2,[-0.39733407]
n_1000_rep_78_dist_gaussian_homo_SNR_8_point_estimates,loc,"spline(Z1, bs='bs', df=20)","[-0.02194114  0.33075213  0.74252313  0.94086283  1.0652831   0.9090872
  0.4455449   0.37117732  0.29108846 -0.14716664 -0.28398988 -0.2290012
 -0.7443074  -0.7438706  -0.80318564 -0.5471439  -0.6333867  -0.33532056
 -0.22887698]"
n_1000_rep_78_dist_gaussian_homo_SNR_8_point_estimates,loc,"spline(Z2, bs='bs', df=20)","[-3.8041380e-01 -2.4576120e-01 -3.7148133e-01 -4.7233900e-01
 -2.3734239e-01  3.0730158e-02 -2.2955920e-01  3.8632774e-04
  1.6339177e-01 -2.1871641e-01 -4.7939170e-02 -2.0571512e-01
 -2.3950930e-01 -2.8894252e-01  4.8483825e-01  5.2529901e-01
  7.2534454e-01  8.0077630e-01  4.6127939e-01]"
n_1000_rep_78_dist_gaussian_homo_SNR_8_point_estimates,scale,Intercept,[0.5205326]
