scenario_index,param_y,param_eta,value
n_1000_rep_46_dist_gaussian_homo_SNR_1_point_estimates,loc,Intercept,[-0.3692451]
n_1000_rep_46_dist_gaussian_homo_SNR_1_point_estimates,loc,X1,[-0.11157499]
n_1000_rep_46_dist_gaussian_homo_SNR_1_point_estimates,loc,X2,[-0.46855265]
n_1000_rep_46_dist_gaussian_homo_SNR_1_point_estimates,loc,"spline(Z1, bs='bs', df=20)","[ 0.40832835  0.63146585  0.24784385  0.8108517   0.7931629   0.5631047
  0.71911645  0.6124032   0.28673014 -0.10663609 -0.19358109 -0.37161574
 -0.6909059  -0.73419434 -0.7025789  -0.24549793 -0.5326357  -0.5530052
 -0.53096694]"
n_1000_rep_46_dist_gaussian_homo_SNR_1_point_estimates,loc,"spline(Z2, bs='bs', df=20)","[-0.5945971  -0.3811801  -0.4951271  -0.5173368  -0.4808992  -0.24573527
 -0.59717166 -0.28093204 -0.08688321 -0.06074303  0.09300547 -0.06241973
  0.15601265  0.16802517  0.5313405   0.65711045  1.0404168   1.1967968
  0.941818  ]"
n_1000_rep_46_dist_gaussian_homo_SNR_1_point_estimates,scale,Intercept,[0.5887295]
