scenario_index,param_y,param_eta,value
n_1000_rep_2_dist_gaussian_homo_SNR_1_point_estimates,loc,Intercept,[-0.27712438]
n_1000_rep_2_dist_gaussian_homo_SNR_1_point_estimates,loc,X1,[-0.06023083]
n_1000_rep_2_dist_gaussian_homo_SNR_1_point_estimates,loc,X2,[-0.35958168]
n_1000_rep_2_dist_gaussian_homo_SNR_1_point_estimates,loc,"spline(Z1, bs='bs', df=20)","[-0.00127644  0.00873356  0.14436218  0.535197    0.62235165  0.85822135
  0.5926152   0.59593654  0.54785055  0.1538938  -0.1471616  -0.5491454
 -0.45063698 -0.4502765  -0.8817472  -0.816089   -0.46452922 -0.2873021
  0.04325606]"
n_1000_rep_2_dist_gaussian_homo_SNR_1_point_estimates,loc,"spline(Z2, bs='bs', df=20)","[-0.18067206 -0.19527681 -0.3893552  -0.58198804 -0.3746162  -0.21102181
 -0.2028271  -0.36744413 -0.00565232 -0.09372876 -0.36610335  0.03271748
  0.32650766  0.08387811  0.43655828  0.14453346  0.5704714   0.9620748
  0.6420154 ]"
n_1000_rep_2_dist_gaussian_homo_SNR_1_point_estimates,scale,Intercept,[0.32153434]
