scenario_index,param_y,param_eta,value
n_1000_rep_0_dist_gaussian_homo_SNR_8_point_estimates,loc,Intercept,[-0.4310482]
n_1000_rep_0_dist_gaussian_homo_SNR_8_point_estimates,loc,X1,[0.00973926]
n_1000_rep_0_dist_gaussian_homo_SNR_8_point_estimates,loc,X2,[-0.31316844]
n_1000_rep_0_dist_gaussian_homo_SNR_8_point_estimates,loc,"spline(Z1, bs='bs', df=20)","[ 0.30173782  0.3327802   0.46795818  0.8446888   0.6883428   0.8023821
  0.74340326  0.5185619   0.32926035  0.06187522 -0.18513438 -0.41860506
 -0.36782157 -0.58326584 -0.744787   -0.7561072  -0.5983359  -0.5180929
 -0.13820775]"
n_1000_rep_0_dist_gaussian_homo_SNR_8_point_estimates,loc,"spline(Z2, bs='bs', df=20)","[-0.12502237 -0.33417854 -0.31855798 -0.4979039  -0.34532803  0.0217829
 -0.36264828 -0.42212558 -0.17923376 -0.22501472 -0.20878494 -0.4946893
 -0.07542343  0.13979907  0.41621494  0.7250192   0.824863    0.83562374
  0.56252635]"
n_1000_rep_0_dist_gaussian_homo_SNR_8_point_estimates,scale,Intercept,[0.32584834]
