scenario_index,param_y,param_eta,value
n_1000_rep_25_dist_gaussian_homo_SNR_1_point_estimates,loc,Intercept,[-0.420578]
n_1000_rep_25_dist_gaussian_homo_SNR_1_point_estimates,loc,X1,[-0.21793637]
n_1000_rep_25_dist_gaussian_homo_SNR_1_point_estimates,loc,X2,[-0.50236225]
n_1000_rep_25_dist_gaussian_homo_SNR_1_point_estimates,loc,"spline(Z1, bs='bs', df=20)","[-0.0284598   0.03652123  0.63318175  0.7258544   0.8766677   1.0498835
  0.5950817   0.60040003  0.17630722  0.07410844 -0.15855074 -0.80016917
 -0.8881402  -0.68092966 -0.920349   -0.38538888 -0.40065894 -0.09073105
 -0.15773436]"
n_1000_rep_25_dist_gaussian_homo_SNR_1_point_estimates,loc,"spline(Z2, bs='bs', df=20)","[-0.29953253 -0.60168153 -0.5119705  -0.21020763 -0.48987582 -0.31656948
 -0.3451219  -0.53727007 -0.16809045 -0.08462942 -0.09964813 -0.35374928
  0.45448205  0.32945687  0.43082088  0.7051113   0.7025826   0.9012983
  0.6492934 ]"
n_1000_rep_25_dist_gaussian_homo_SNR_1_point_estimates,scale,Intercept,[0.51605034]
