scenario_index,param_y,param_eta,value
n_1000_rep_98_dist_gaussian_homo_SNR_8_point_estimates,loc,Intercept,[-0.3965226]
n_1000_rep_98_dist_gaussian_homo_SNR_8_point_estimates,loc,X1,[-0.06398761]
n_1000_rep_98_dist_gaussian_homo_SNR_8_point_estimates,loc,X2,[-0.38022673]
n_1000_rep_98_dist_gaussian_homo_SNR_8_point_estimates,loc,"spline(Z1, bs='bs', df=20)","[ 0.14214976  0.31432435  0.6178646   0.65647346  0.42948952  0.8046011
  0.4981991   0.30079946  0.5034896   0.02213277 -0.21577027 -0.66727114
 -0.6052785  -0.6200688  -0.6441124  -0.4724065  -0.22732429 -0.05395734
 -0.02870886]"
n_1000_rep_98_dist_gaussian_homo_SNR_8_point_estimates,loc,"spline(Z2, bs='bs', df=20)","[-0.1514765  -0.2471781  -0.5352498  -0.60193706 -0.25603873 -0.06650827
 -0.24064712  0.09107528 -0.17567629 -0.3504522   0.04592906  0.14496922
 -0.06687229 -0.02033093  0.24950601  0.42827186  0.77157     0.8012143
  0.40226692]"
n_1000_rep_98_dist_gaussian_homo_SNR_8_point_estimates,scale,Intercept,[0.33143425]
