scenario_index,param_y,param_eta,value
n_1000_rep_51_dist_gaussian_homo_SNR_1_point_estimates,loc,Intercept,[-0.33926907]
n_1000_rep_51_dist_gaussian_homo_SNR_1_point_estimates,loc,X1,[-0.08926281]
n_1000_rep_51_dist_gaussian_homo_SNR_1_point_estimates,loc,X2,[-0.47293738]
n_1000_rep_51_dist_gaussian_homo_SNR_1_point_estimates,loc,"spline(Z1, bs='bs', df=20)","[ 0.43087557  0.39336738  0.36799878  0.89235604  0.66836065  0.8515953
  0.62941825  0.29989406  0.2267463   0.20192215 -0.02818765 -0.7151485
 -0.3350024  -0.68682975 -0.8918006  -0.7000305  -0.44581327 -0.5664051
 -0.23819685]"
n_1000_rep_51_dist_gaussian_homo_SNR_1_point_estimates,loc,"spline(Z2, bs='bs', df=20)","[-0.20262104 -0.5306479  -0.61498183 -0.50998604 -0.39735168 -0.38417608
 -0.30242664 -0.09774172 -0.33975235 -0.08934361 -0.3002428  -0.28437066
  0.18329266  0.11750229  0.5783049   0.6218605   0.77616787  0.90673417
  0.78371245]"
n_1000_rep_51_dist_gaussian_homo_SNR_1_point_estimates,scale,Intercept,[0.32443386]
