scenario_index,param_y,param_eta,value
n_1000_rep_18_dist_gaussian_homo_SNR_8_point_estimates,loc,Intercept,[-0.36620724]
n_1000_rep_18_dist_gaussian_homo_SNR_8_point_estimates,loc,X1,[-0.08043506]
n_1000_rep_18_dist_gaussian_homo_SNR_8_point_estimates,loc,X2,[-0.33555785]
n_1000_rep_18_dist_gaussian_homo_SNR_8_point_estimates,loc,"spline(Z1, bs='bs', df=20)","[-0.30172822 -0.03117054  0.49651375  0.7039237   0.5261075   0.88482416
  0.49408683  0.46961474  0.4058603  -0.1380484  -0.35643947 -0.43373674
 -0.34918255 -0.4499762  -0.54347557 -0.77755064 -0.35652748 -0.15533043
  0.2853651 ]"
n_1000_rep_18_dist_gaussian_homo_SNR_8_point_estimates,loc,"spline(Z2, bs='bs', df=20)","[-0.38857803 -0.33123866 -0.33729252 -0.4782071  -0.4515734  -0.08098234
 -0.1555407  -0.11711253 -0.16611817 -0.34059876  0.1083264   0.13372117
  0.07258764 -0.00663474  0.37684652  0.494361    0.6272317   0.7531177
  0.54370666]"
n_1000_rep_18_dist_gaussian_homo_SNR_8_point_estimates,scale,Intercept,[0.32773322]
