scenario_index,param_y,param_eta,value
n_1000_rep_7_dist_gaussian_homo_SNR_1_point_estimates,loc,Intercept,[-0.39610243]
n_1000_rep_7_dist_gaussian_homo_SNR_1_point_estimates,loc,X1,[-0.12163332]
n_1000_rep_7_dist_gaussian_homo_SNR_1_point_estimates,loc,X2,[-0.3986457]
n_1000_rep_7_dist_gaussian_homo_SNR_1_point_estimates,loc,"spline(Z1, bs='bs', df=20)","[ 0.0138719   0.23299928  0.3674587   0.5579167   0.88353115  0.9343564
  0.8287992   0.7171895   0.48862097 -0.1054208  -0.57665575 -0.55435246
 -0.63320667 -0.6052433  -0.89303976 -0.61509085 -0.31304112 -0.10570285
 -0.4850818 ]"
n_1000_rep_7_dist_gaussian_homo_SNR_1_point_estimates,loc,"spline(Z2, bs='bs', df=20)","[-0.48125422 -0.5988272  -0.38627067  0.11713379 -0.09038527 -0.23169714
 -0.23035452 -0.03153324 -0.00569399 -0.00461278 -0.16274948 -0.1896466
 -0.13510537  0.1763394   0.39402452  0.40588564  0.8605244   0.9773331
  0.4469285 ]"
n_1000_rep_7_dist_gaussian_homo_SNR_1_point_estimates,scale,Intercept,[0.53961724]
