scenario_index,param_y,param_eta,value
n_1000_rep_13_dist_gaussian_homo_SNR_1_point_estimates,loc,Intercept,[0.01920253]
n_1000_rep_13_dist_gaussian_homo_SNR_1_point_estimates,loc,X1,[0.00983651]
n_1000_rep_13_dist_gaussian_homo_SNR_1_point_estimates,loc,X2,[-0.12874623]
n_1000_rep_13_dist_gaussian_homo_SNR_1_point_estimates,loc,"spline(Z1, bs='bs', df=20)","[-0.05821256 -0.06628492 -0.37203142  0.30470386  0.18241681  0.01963095
  0.28686062  0.28223893 -0.17496999 -0.2898681  -0.281553    0.07956498
  0.2300441   0.03095176  0.00782887 -0.2950043  -0.38685235 -0.1163533
  0.18062927]"
n_1000_rep_13_dist_gaussian_homo_SNR_1_point_estimates,loc,"spline(Z2, bs='bs', df=20)","[-0.22880615 -0.00588142  0.08914331  0.02799308  0.22198524  0.35593885
 -0.00095728 -0.15311487 -0.11931968 -0.17296487  0.2687363  -0.17116733
 -0.40732458 -0.4442707  -0.06547645  0.1473146   0.19439587  0.06875347
  0.3386242 ]"
n_1000_rep_13_dist_gaussian_homo_SNR_1_point_estimates,scale,Intercept,[1.3035324]
