scenario_index,param_y,param_eta,value
n_1000_rep_96_dist_gaussian_homo_SNR_1_point_estimates,loc,Intercept,[-0.4036996]
n_1000_rep_96_dist_gaussian_homo_SNR_1_point_estimates,loc,X1,[-0.14537995]
n_1000_rep_96_dist_gaussian_homo_SNR_1_point_estimates,loc,X2,[-0.33752394]
n_1000_rep_96_dist_gaussian_homo_SNR_1_point_estimates,loc,"spline(Z1, bs='bs', df=20)","[ 0.40371203  0.525929    0.6146246   0.89793974  0.49123958  0.74350786
  0.4459268   0.11936157 -0.06033291  0.24594389 -0.16033466 -0.50735366
 -0.4795028  -0.7373386  -0.72930145 -0.40716952 -0.30731    -0.28357574
 -0.07925328]"
n_1000_rep_96_dist_gaussian_homo_SNR_1_point_estimates,loc,"spline(Z2, bs='bs', df=20)","[-0.44273055 -0.18323344 -0.08953172 -0.4121903  -0.24387753 -0.18611282
 -0.24013889 -0.13559744 -0.11885865  0.05794455 -0.15899472 -0.2577188
  0.30955985  0.06036956  0.48982516  0.57498515  0.66221124  0.73240507
  0.38757998]"
n_1000_rep_96_dist_gaussian_homo_SNR_1_point_estimates,scale,Intercept,[0.33468053]
