scenario_index,param_y,param_eta,value
n_1000_rep_23_dist_gaussian_homo_SNR_8_point_estimates,loc,Intercept,[-0.33427605]
n_1000_rep_23_dist_gaussian_homo_SNR_8_point_estimates,loc,X1,[-0.34684205]
n_1000_rep_23_dist_gaussian_homo_SNR_8_point_estimates,loc,X2,[-0.17640305]
n_1000_rep_23_dist_gaussian_homo_SNR_8_point_estimates,loc,"spline(Z1, bs='bs', df=20)","[ 0.08195275  0.3736339   0.62402683  0.3565326  -0.12630303 -0.21403366
 -0.6330477  -0.39348432  0.20408776  0.410976    0.2704832   0.31175405
  0.20670326 -0.50647247 -0.08728952 -0.17546439 -0.11143171 -0.14917883
  0.23746769]"
n_1000_rep_23_dist_gaussian_homo_SNR_8_point_estimates,loc,"spline(Z2, bs='bs', df=20)","[-0.01927695 -0.3082498  -0.44517168 -0.03944285  0.2597596   0.5737255
 -0.14478421 -0.13204007  0.4284275   0.30831507  0.20800348  0.21174188
 -0.1259385  -0.28870282 -0.14317901  0.02286019 -0.23168108 -0.3741495
  0.02073162]"
n_1000_rep_23_dist_gaussian_homo_SNR_8_point_estimates,scale,Intercept,[0.54596883]
