scenario_index,param_y,param_eta,value
n_1000_rep_35_dist_gaussian_homo_SNR_8_point_estimates,loc,Intercept,[-0.31673613]
n_1000_rep_35_dist_gaussian_homo_SNR_8_point_estimates,loc,X1,[0.07817213]
n_1000_rep_35_dist_gaussian_homo_SNR_8_point_estimates,loc,X2,[-0.24582936]
n_1000_rep_35_dist_gaussian_homo_SNR_8_point_estimates,loc,"spline(Z1, bs='bs', df=20)","[ 0.33875257  0.4253228   0.47029048  0.90542316  0.7243202   0.6339348
  0.43597174  0.38193518  0.23344193 -0.23709433 -0.59676105 -0.4157672
 -0.4408723  -0.6998606  -0.65391845 -0.6813392  -0.26906472 -0.3121218
 -0.23841879]"
n_1000_rep_35_dist_gaussian_homo_SNR_8_point_estimates,loc,"spline(Z2, bs='bs', df=20)","[-0.3864932  -0.2491868  -0.30772412 -0.433822   -0.1049053  -0.3897017
 -0.2913944  -0.14770007 -0.4376226  -0.4698335   0.01634028  0.0973466
 -0.04701209  0.3658081   0.5880875   0.24862216  0.5744493   0.986336
  0.61553025]"
n_1000_rep_35_dist_gaussian_homo_SNR_8_point_estimates,scale,Intercept,[0.36255845]
