scenario_index,param_y,param_eta,value
n_1000_rep_57_dist_gaussian_homo_SNR_8_point_estimates,loc,Intercept,[-0.3026601]
n_1000_rep_57_dist_gaussian_homo_SNR_8_point_estimates,loc,X1,[-0.29216275]
n_1000_rep_57_dist_gaussian_homo_SNR_8_point_estimates,loc,X2,[-0.13037238]
n_1000_rep_57_dist_gaussian_homo_SNR_8_point_estimates,loc,"spline(Z1, bs='bs', df=20)","[-0.39142302 -0.22683772  0.10766095  0.6718758   0.3879285   0.01849279
 -0.00958756 -0.02979635 -0.05669392  0.18276936  0.17914677  0.17509292
 -0.00322378 -0.07577447 -0.31047824 -0.42867917 -0.2832684   0.31760004
 -0.12919688]"
n_1000_rep_57_dist_gaussian_homo_SNR_8_point_estimates,loc,"spline(Z2, bs='bs', df=20)","[ 0.12156159 -0.31412485 -0.24065642  0.20360999  0.11254853  0.43767115
 -0.0194642  -0.7017811  -0.12475996  0.3427466   0.16688034 -0.28100282
  0.22652     0.1704778  -0.01239519 -0.0723868   0.04436469  0.39793918
 -0.3826753 ]"
n_1000_rep_57_dist_gaussian_homo_SNR_8_point_estimates,scale,Intercept,[0.93943036]
