scenario_index,param_y,param_eta,value
n_1000_rep_91_dist_gaussian_homo_SNR_8_point_estimates,loc,Intercept,[-0.6348326]
n_1000_rep_91_dist_gaussian_homo_SNR_8_point_estimates,loc,X1,[-0.6511056]
n_1000_rep_91_dist_gaussian_homo_SNR_8_point_estimates,loc,X2,[-0.5171259]
n_1000_rep_91_dist_gaussian_homo_SNR_8_point_estimates,loc,"spline(Z1, bs='bs', df=20)","[ 0.7234699   0.2550983  -0.61422896 -0.16839994 -0.07871189 -0.06565104
 -0.1748143  -0.23721096  0.10523157 -0.10452056 -0.22940357  0.1594791
  0.28104097 -0.00286568  0.21123715  0.12767465 -0.08301363 -0.19808678
  0.39515075]"
n_1000_rep_91_dist_gaussian_homo_SNR_8_point_estimates,loc,"spline(Z2, bs='bs', df=20)","[ 0.02755745  0.00296144 -0.04664202 -0.17005904  0.354919    0.31559968
 -0.46202847 -0.50827885 -0.47460777  0.01378608  0.33588934  0.27832377
  0.18111451  0.10478017  0.1228408  -0.00393435  0.29204372  0.35047078
  0.01097251]"
n_1000_rep_91_dist_gaussian_homo_SNR_8_point_estimates,scale,Intercept,[0.5558402]
