scenario_index,param_y,param_eta,value
n_1000_rep_54_dist_gaussian_homo_SNR_1_point_estimates,loc,Intercept,[-0.41201025]
n_1000_rep_54_dist_gaussian_homo_SNR_1_point_estimates,loc,X1,[-0.16718584]
n_1000_rep_54_dist_gaussian_homo_SNR_1_point_estimates,loc,X2,[-0.30900818]
n_1000_rep_54_dist_gaussian_homo_SNR_1_point_estimates,loc,"spline(Z1, bs='bs', df=20)","[-0.019796    0.43239447  0.41145325  0.4672217   0.4798812   0.9079132
  0.5151876   0.45737627  0.53460616  0.05343759 -0.42670768 -0.26016167
 -0.48111477 -0.8417145  -0.68955976 -0.7200155  -0.55325437 -0.43532366
  0.4144753 ]"
n_1000_rep_54_dist_gaussian_homo_SNR_1_point_estimates,loc,"spline(Z2, bs='bs', df=20)","[-0.02768315 -0.33100057 -0.46445778 -0.5983622  -0.624228   -0.35520944
 -0.2638068   0.02278064 -0.05615104 -0.4589504  -0.18484992 -0.12820087
 -0.08484828  0.31876335  0.41348407  0.51257086  0.79290015  0.9892982
  0.59539586]"
n_1000_rep_54_dist_gaussian_homo_SNR_1_point_estimates,scale,Intercept,[0.29876727]
