scenario_index,param_y,param_eta,value
n_1000_rep_25_dist_gaussian_homo_SNR_8_point_estimates,loc,Intercept,[-0.45484328]
n_1000_rep_25_dist_gaussian_homo_SNR_8_point_estimates,loc,X1,[-0.24792197]
n_1000_rep_25_dist_gaussian_homo_SNR_8_point_estimates,loc,X2,[-0.37346947]
n_1000_rep_25_dist_gaussian_homo_SNR_8_point_estimates,loc,"spline(Z1, bs='bs', df=20)","[ 0.15980507  0.2022864   0.526568    0.76084405  0.7512184   0.9034724
  0.4184051   0.34103742  0.2641178   0.01276109 -0.11900103 -0.7054058
 -0.53452253 -0.75320196 -0.7118237  -0.6573215  -0.21333784 -0.10774657
  0.14125966]"
n_1000_rep_25_dist_gaussian_homo_SNR_8_point_estimates,loc,"spline(Z2, bs='bs', df=20)","[-0.39022103 -0.564685   -0.56368655 -0.16427228 -0.58311975 -0.31819975
 -0.3387722  -0.37523392 -0.14088516 -0.15298097 -0.08960203 -0.3094399
  0.29898632  0.46646574  0.45208824  0.62998766  0.7661629   0.882223
  0.6174843 ]"
n_1000_rep_25_dist_gaussian_homo_SNR_8_point_estimates,scale,Intercept,[0.31462842]
