scenario_index,param_y,param_eta,value
n_1000_rep_73_dist_gaussian_homo_SNR_1_point_estimates,loc,Intercept,[-0.389298]
n_1000_rep_73_dist_gaussian_homo_SNR_1_point_estimates,loc,X1,[-0.20315786]
n_1000_rep_73_dist_gaussian_homo_SNR_1_point_estimates,loc,X2,[-0.30012646]
n_1000_rep_73_dist_gaussian_homo_SNR_1_point_estimates,loc,"spline(Z1, bs='bs', df=20)","[-0.16084443  0.18353514  0.5674048   0.5265984   0.57208526  1.0130603
  0.6496446   0.34831032  0.16570264  0.21514963 -0.15398711 -0.45531997
 -0.5336387  -0.7569233  -0.65597624 -0.6409927  -0.50960034 -0.22417414
 -0.01245816]"
n_1000_rep_73_dist_gaussian_homo_SNR_1_point_estimates,loc,"spline(Z2, bs='bs', df=20)","[-0.01905439 -0.38516083 -0.54772556 -0.23626865 -0.27980116 -0.23625793
 -0.6860752  -0.5007533  -0.07716177 -0.15733552 -0.18693994 -0.29625896
 -0.13730222 -0.04724104  0.578089    0.4314364   0.7594494   0.88632584
  0.4506392 ]"
n_1000_rep_73_dist_gaussian_homo_SNR_1_point_estimates,scale,Intercept,[0.33298075]
