scenario_index,param_y,param_eta,value
n_1000_rep_68_dist_gaussian_homo_SNR_8_point_estimates,loc,Intercept,[-0.17556442]
n_1000_rep_68_dist_gaussian_homo_SNR_8_point_estimates,loc,X1,[-0.16611993]
n_1000_rep_68_dist_gaussian_homo_SNR_8_point_estimates,loc,X2,[-0.1823031]
n_1000_rep_68_dist_gaussian_homo_SNR_8_point_estimates,loc,"spline(Z1, bs='bs', df=20)","[-0.43943268  0.6094093   0.7224534   0.7255379   0.83475167  0.90080535
  0.6991438   0.7358407   0.21454817 -0.50736344 -0.25206771 -0.48496878
 -0.78357476 -0.7881651  -0.8804366  -0.5830668  -0.78072035 -0.45889565
 -0.24427824]"
n_1000_rep_68_dist_gaussian_homo_SNR_8_point_estimates,loc,"spline(Z2, bs='bs', df=20)","[-0.00581228 -0.4984795  -0.40825894 -0.4079505  -0.6354076  -0.28312448
  0.22375806 -0.16059391 -0.546286   -0.35384908 -0.49886063 -0.46960548
 -0.05445711  0.21826309  0.20650172  0.75380987  0.9602432   1.1324041
  0.8983235 ]"
n_1000_rep_68_dist_gaussian_homo_SNR_8_point_estimates,scale,Intercept,[0.5283168]
