scenario_index,param_y,param_eta,value
n_1000_rep_74_dist_gaussian_homo_SNR_1_point_estimates,loc,Intercept,[-0.2705875]
n_1000_rep_74_dist_gaussian_homo_SNR_1_point_estimates,loc,X1,[-0.09757292]
n_1000_rep_74_dist_gaussian_homo_SNR_1_point_estimates,loc,X2,[-0.35769463]
n_1000_rep_74_dist_gaussian_homo_SNR_1_point_estimates,loc,"spline(Z1, bs='bs', df=20)","[ 0.19886762  0.6699975   0.43205816  0.73066545  0.75698507  0.753347
  0.589035    0.5628015   0.07680609 -0.01923687 -0.36989057 -0.85205317
 -0.5278529  -0.6029665  -0.7484705  -0.5978499  -0.25950056 -0.5441209
 -0.36424136]"
n_1000_rep_74_dist_gaussian_homo_SNR_1_point_estimates,loc,"spline(Z2, bs='bs', df=20)","[-0.2676711  -0.29626498 -0.5419678  -0.35804367 -0.00493438 -0.2929242
 -0.5861192  -0.328656   -0.32026714 -0.13988733  0.16464144  0.05311046
  0.22106634 -0.1079094   0.36588657  0.6125655   0.8144211   0.80748
  0.5968981 ]"
n_1000_rep_74_dist_gaussian_homo_SNR_1_point_estimates,scale,Intercept,[0.3309599]
