scenario_index,param_y,param_eta,value
n_1000_rep_66_dist_gaussian_homo_SNR_8_point_estimates,loc,Intercept,[-0.30403182]
n_1000_rep_66_dist_gaussian_homo_SNR_8_point_estimates,loc,X1,[-0.06631853]
n_1000_rep_66_dist_gaussian_homo_SNR_8_point_estimates,loc,X2,[-0.2282807]
n_1000_rep_66_dist_gaussian_homo_SNR_8_point_estimates,loc,"spline(Z1, bs='bs', df=20)","[-0.0713724   0.38036993  0.49568513  0.6959507   0.7340361   0.9771338
  0.5940779   0.4349142   0.3279304   0.3955663  -0.04990895 -0.78150964
 -0.6920539  -0.6817605  -0.70145833 -0.6386202  -0.35018727 -0.07004306
  0.07621155]"
n_1000_rep_66_dist_gaussian_homo_SNR_8_point_estimates,loc,"spline(Z2, bs='bs', df=20)","[-0.31560794 -0.5091613  -0.45737436 -0.18515098 -0.08443487 -0.17969628
 -0.16943716 -0.1431963  -0.30288625 -0.31272814 -0.13861778 -0.42753842
 -0.13209946  0.15659699  0.47322276  0.54778606  0.8107635   0.79613006
  0.6275499 ]"
n_1000_rep_66_dist_gaussian_homo_SNR_8_point_estimates,scale,Intercept,[0.311097]
