scenario_index,param_y,param_eta,value
n_1000_rep_37_dist_gaussian_homo_SNR_8_point_estimates,loc,Intercept,[-0.3848448]
n_1000_rep_37_dist_gaussian_homo_SNR_8_point_estimates,loc,X1,[-0.03639175]
n_1000_rep_37_dist_gaussian_homo_SNR_8_point_estimates,loc,X2,[-0.40531325]
n_1000_rep_37_dist_gaussian_homo_SNR_8_point_estimates,loc,"spline(Z1, bs='bs', df=20)","[ 0.189585    0.4375198   0.6604718   0.88386905  0.8862697   0.8069471
  0.75151384  0.6567216   0.4908543   0.26845944 -0.4415707  -0.63056725
 -0.7952573  -0.7687559  -0.74374586 -0.4310773  -0.42700586  0.00459195
 -0.18114068]"
n_1000_rep_37_dist_gaussian_homo_SNR_8_point_estimates,loc,"spline(Z2, bs='bs', df=20)","[-0.3009208  -0.39964634 -0.59377646 -0.00430038  0.21656328 -0.14690937
 -0.46622106 -0.49820343  0.18284346  0.05657554 -0.21599339 -0.04079703
  0.02364622  0.02539863  0.49282473  0.49186805  0.62107027  0.79036885
  0.48851272]"
n_1000_rep_37_dist_gaussian_homo_SNR_8_point_estimates,scale,Intercept,[0.48679337]
