scenario_index,param_y,param_eta,value
n_1000_rep_41_dist_gaussian_homo_SNR_1_point_estimates,loc,Intercept,[-0.27153337]
n_1000_rep_41_dist_gaussian_homo_SNR_1_point_estimates,loc,X1,[-0.09452172]
n_1000_rep_41_dist_gaussian_homo_SNR_1_point_estimates,loc,X2,[-0.2539543]
n_1000_rep_41_dist_gaussian_homo_SNR_1_point_estimates,loc,"spline(Z1, bs='bs', df=20)","[ 0.21577577  0.37383488  0.20852299  0.7023919   0.6262431   0.93676627
  0.57123625  0.51505727  0.29506558  0.3001366  -0.22181275 -0.6978802
 -0.43436652 -0.76200956 -0.7668641  -0.56593454 -0.42286232 -0.17925815
 -0.3081518 ]"
n_1000_rep_41_dist_gaussian_homo_SNR_1_point_estimates,loc,"spline(Z2, bs='bs', df=20)","[-0.21910535 -0.1337708  -0.08539981 -0.55536795 -0.34071657 -0.4389781
 -0.3171889  -0.22850706 -0.40791917 -0.2393476  -0.09806288 -0.14894767
  0.05650004  0.32318503  0.50293195  0.36475894  0.52531415  0.89020854
  0.7499635 ]"
n_1000_rep_41_dist_gaussian_homo_SNR_1_point_estimates,scale,Intercept,[0.32759923]
