scenario_index,param_y,param_eta,value
n_1000_rep_71_dist_gaussian_homo_SNR_1_point_estimates,loc,Intercept,[-0.31179523]
n_1000_rep_71_dist_gaussian_homo_SNR_1_point_estimates,loc,X1,[-0.10909175]
n_1000_rep_71_dist_gaussian_homo_SNR_1_point_estimates,loc,X2,[-0.29072672]
n_1000_rep_71_dist_gaussian_homo_SNR_1_point_estimates,loc,"spline(Z1, bs='bs', df=20)","[ 0.45277998  0.46449822  0.47596407  0.86663115  0.4503481   0.741616
  0.3604134   0.4991583   0.09082559  0.23549697  0.03194237 -0.58142424
 -0.42423922 -0.7748988  -0.7186831  -0.50757354 -0.5637351  -0.3213933
 -0.3359603 ]"
n_1000_rep_71_dist_gaussian_homo_SNR_1_point_estimates,loc,"spline(Z2, bs='bs', df=20)","[-0.31854692 -0.34836683 -0.40564302 -0.32623863 -0.23848382 -0.28932175
 -0.17885964 -0.14669925 -0.43043202 -0.09662921  0.22888163 -0.42610583
  0.10149404  0.26505184  0.3552158   0.4813046   0.6860565   0.75097656
  0.37395507]"
n_1000_rep_71_dist_gaussian_homo_SNR_1_point_estimates,scale,Intercept,[0.32708168]
