scenario_index,param_y,param_eta,value
n_1000_rep_17_dist_gaussian_homo_SNR_8_point_estimates,loc,Intercept,[-0.40129012]
n_1000_rep_17_dist_gaussian_homo_SNR_8_point_estimates,loc,X1,[-0.09679504]
n_1000_rep_17_dist_gaussian_homo_SNR_8_point_estimates,loc,X2,[-0.4195606]
n_1000_rep_17_dist_gaussian_homo_SNR_8_point_estimates,loc,"spline(Z1, bs='bs', df=20)","[ 0.3871468   0.1824327   0.37429336  0.5961822   1.0171402   0.95864123
  0.73150325  0.4888791   0.07362577 -0.01526195 -0.56794685 -0.5565515
 -0.71779495 -0.8723128  -0.88590634 -0.51012915 -0.67054045 -0.46459365
 -0.23951069]"
n_1000_rep_17_dist_gaussian_homo_SNR_8_point_estimates,loc,"spline(Z2, bs='bs', df=20)","[-0.44332477 -0.34549347 -0.5610723  -0.54949874 -0.53993815 -0.00330287
  0.16228518 -0.3762302  -0.06911501 -0.23422323 -0.12505333 -0.02268746
 -0.10066859  0.22245961  0.22956577  0.5931697   0.91105527  0.95002276
  0.760058  ]"
n_1000_rep_17_dist_gaussian_homo_SNR_8_point_estimates,scale,Intercept,[0.58644223]
