scenario_index,param_y,param_eta,value
n_1000_rep_71_dist_gaussian_homo_SNR_8_point_estimates,loc,Intercept,[-0.33158812]
n_1000_rep_71_dist_gaussian_homo_SNR_8_point_estimates,loc,X1,[-0.09370062]
n_1000_rep_71_dist_gaussian_homo_SNR_8_point_estimates,loc,X2,[-0.35894313]
n_1000_rep_71_dist_gaussian_homo_SNR_8_point_estimates,loc,"spline(Z1, bs='bs', df=20)","[ 0.4155434   0.44255754  0.46442097  0.7732405   0.8075809   0.80129397
  0.52431566  0.6052431  -0.1099515   0.13096137 -0.00788685 -0.4220453
 -0.56995624 -0.7399651  -0.6867037  -0.40492746 -0.73664933 -0.36028504
 -0.64623046]"
n_1000_rep_71_dist_gaussian_homo_SNR_8_point_estimates,loc,"spline(Z2, bs='bs', df=20)","[-0.36569571 -0.37559193 -0.19140813 -0.44533306 -0.13169558 -0.20506595
 -0.21346478 -0.16461201 -0.35987782 -0.02247727  0.26870096 -0.42804447
  0.12759948  0.10737936  0.28258008  0.54850703  0.67254114  0.84630615
  0.3252908 ]"
n_1000_rep_71_dist_gaussian_homo_SNR_8_point_estimates,scale,Intercept,[0.5317225]
