scenario_index,param_y,param_eta,value
n_1000_rep_36_dist_gaussian_homo_SNR_8_point_estimates,loc,Intercept,[-0.02826937]
n_1000_rep_36_dist_gaussian_homo_SNR_8_point_estimates,loc,X1,[0.02673904]
n_1000_rep_36_dist_gaussian_homo_SNR_8_point_estimates,loc,X2,[0.05355953]
n_1000_rep_36_dist_gaussian_homo_SNR_8_point_estimates,loc,"spline(Z1, bs='bs', df=20)","[-0.16925092 -0.5120655  -0.32264683 -0.17785269  0.18238933  0.8107326
  0.48689026  0.6353329   0.07049414 -0.4633107  -0.14395623  0.14408234
 -0.13048062 -0.00501641  0.2100188   0.03716654 -0.2811335   0.29149652
  0.12968072]"
n_1000_rep_36_dist_gaussian_homo_SNR_8_point_estimates,loc,"spline(Z2, bs='bs', df=20)","[ 0.02568372 -0.05732986  0.37200478  0.30180347 -0.19760506 -0.23101054
 -0.6563213  -0.23908015  0.03825225  0.31123286  0.19048294  0.3455633
  0.31549844 -0.11707353  0.09498502 -0.17313233 -0.17303465 -0.17047994
 -0.51981336]"
n_1000_rep_36_dist_gaussian_homo_SNR_8_point_estimates,scale,Intercept,[0.9301369]
