scenario_index,param_y,param_eta,value
n_1000_rep_92_dist_gaussian_homo_SNR_8_point_estimates,loc,Intercept,[-0.31591484]
n_1000_rep_92_dist_gaussian_homo_SNR_8_point_estimates,loc,X1,[-0.23630337]
n_1000_rep_92_dist_gaussian_homo_SNR_8_point_estimates,loc,X2,[-0.45204437]
n_1000_rep_92_dist_gaussian_homo_SNR_8_point_estimates,loc,"spline(Z1, bs='bs', df=20)","[ 0.3727714   0.83069015  0.88482726  0.3794476   0.78756714  0.96041983
  0.941776    0.8150405   0.5954195  -0.3773349  -0.35936487 -0.6983001
 -0.65425265 -0.7806666  -1.0901573  -0.6365319  -0.7393175  -0.60287064
 -0.381422  ]"
n_1000_rep_92_dist_gaussian_homo_SNR_8_point_estimates,loc,"spline(Z2, bs='bs', df=20)","[-0.5838244  -0.48252267  0.02319314 -0.28880802 -0.4760029  -0.11855513
 -0.14470772 -0.22908464 -0.03685059 -0.23745346 -0.7346675  -0.04289338
  0.43749368 -0.25753206  0.8696968   0.6044074   0.73158467  0.6735936
  0.55196553]"
n_1000_rep_92_dist_gaussian_homo_SNR_8_point_estimates,scale,Intercept,[0.5492295]
