scenario_index,param_y,param_eta,value
n_1000_rep_41_dist_gaussian_homo_SNR_8_point_estimates,loc,Intercept,[-0.23694244]
n_1000_rep_41_dist_gaussian_homo_SNR_8_point_estimates,loc,X1,[-0.11122989]
n_1000_rep_41_dist_gaussian_homo_SNR_8_point_estimates,loc,X2,[-0.32502508]
n_1000_rep_41_dist_gaussian_homo_SNR_8_point_estimates,loc,"spline(Z1, bs='bs', df=20)","[ 0.11897475  0.3226658   0.53149325  0.65822387  0.9825616   0.9867907
  0.7751017   0.83553517  0.23269765  0.19514173 -0.14227541 -0.67875254
 -0.6264506  -0.6438939  -0.9207317  -0.5224788  -0.74709773 -0.07136266
 -0.2903337 ]"
n_1000_rep_41_dist_gaussian_homo_SNR_8_point_estimates,loc,"spline(Z2, bs='bs', df=20)","[-0.31101203 -0.2592933  -0.18038848 -0.5138116  -0.2922512  -0.5012824
 -0.22473654 -0.51997715 -0.43986815 -0.09500109 -0.1824742  -0.26447406
  0.22623998  0.1676579   0.48701152  0.48430282  0.4661642   0.9516427
  0.8515614 ]"
n_1000_rep_41_dist_gaussian_homo_SNR_8_point_estimates,scale,Intercept,[0.506307]
