scenario_index,param_y,param_eta,value
n_1000_rep_52_dist_gaussian_homo_SNR_8_point_estimates,loc,Intercept,[-0.3492638]
n_1000_rep_52_dist_gaussian_homo_SNR_8_point_estimates,loc,X1,[-0.09603097]
n_1000_rep_52_dist_gaussian_homo_SNR_8_point_estimates,loc,X2,[-0.391725]
n_1000_rep_52_dist_gaussian_homo_SNR_8_point_estimates,loc,"spline(Z1, bs='bs', df=20)","[ 0.24129418  0.6031479   0.7179268   0.6748557   0.68045396  0.7531663
  0.47988006  0.6864727   0.20783655 -0.12607384 -0.286615   -0.60664153
 -0.5337287  -0.5476637  -0.5484874  -0.5410207  -0.32066217 -0.57834417
 -0.38311675]"
n_1000_rep_52_dist_gaussian_homo_SNR_8_point_estimates,loc,"spline(Z2, bs='bs', df=20)","[ 0.01524057 -0.2876092  -0.55778986 -0.30499148 -0.445386   -0.21414118
 -0.34328893 -0.37908283 -0.32170862 -0.24852815 -0.21370336 -0.06386817
  0.23633096  0.11189552  0.6707226   0.6359973   0.79316074  0.69409376
  0.5319295 ]"
n_1000_rep_52_dist_gaussian_homo_SNR_8_point_estimates,scale,Intercept,[0.331384]
