scenario_index,param_y,param_eta,value
n_1000_rep_69_dist_gaussian_homo_SNR_1_point_estimates,loc,Intercept,[-0.027943]
n_1000_rep_69_dist_gaussian_homo_SNR_1_point_estimates,loc,X1,[-0.06251419]
n_1000_rep_69_dist_gaussian_homo_SNR_1_point_estimates,loc,X2,[-0.12523377]
n_1000_rep_69_dist_gaussian_homo_SNR_1_point_estimates,loc,"spline(Z1, bs='bs', df=20)","[-0.00228862  0.00109645  0.06931695  0.06142199  0.06141822 -0.14615609
 -0.05146981  0.35885173 -0.15268886 -0.17222628  0.00126448 -0.03632969
  0.06130064  0.40736452  0.14856139  0.28770602 -0.32576355 -0.2637615
 -0.21727301]"
n_1000_rep_69_dist_gaussian_homo_SNR_1_point_estimates,loc,"spline(Z2, bs='bs', df=20)","[ 0.5550498   0.10068076  0.10927782  0.07491057  0.33086994  0.43108565
 -0.04808101  0.01254662 -0.3437557  -0.337277    0.03917895 -0.8739532
 -0.56593776 -0.35245198  0.4399235   0.29624635 -0.16511258  0.29286942
  0.14219327]"
n_1000_rep_69_dist_gaussian_homo_SNR_1_point_estimates,scale,Intercept,[0.93818027]
