scenario_index,param_y,param_eta,value
n_1000_rep_75_dist_gaussian_homo_SNR_8_point_estimates,loc,Intercept,[-0.20696853]
n_1000_rep_75_dist_gaussian_homo_SNR_8_point_estimates,loc,X1,[-0.16115944]
n_1000_rep_75_dist_gaussian_homo_SNR_8_point_estimates,loc,X2,[-0.20549044]
n_1000_rep_75_dist_gaussian_homo_SNR_8_point_estimates,loc,"spline(Z1, bs='bs', df=20)","[-0.00599187 -0.25582963 -0.37120545 -0.12815017  0.63257456  0.17599638
 -0.25495815 -0.19726112 -0.18568386 -0.20236404 -0.01042076  0.1131778
  0.11540983  0.3722927   0.24786152  0.15945469 -0.33065417  0.28725728
  0.09884109]"
n_1000_rep_75_dist_gaussian_homo_SNR_8_point_estimates,loc,"spline(Z2, bs='bs', df=20)","[ 0.39264563  0.20384358  0.26585788 -0.15375128 -0.45557883 -0.20224787
 -0.16451997 -0.06912742 -0.18117104 -0.5576573   0.11326975  0.10301053
  0.15607788  0.20226221  0.49625608  0.21169402 -0.40969673  0.1691727
  0.29117134]"
n_1000_rep_75_dist_gaussian_homo_SNR_8_point_estimates,scale,Intercept,[0.93925685]
