scenario_index,param_y,param_eta,value
n_1000_rep_34_dist_gaussian_homo_SNR_1_point_estimates,loc,Intercept,[-0.04193035]
n_1000_rep_34_dist_gaussian_homo_SNR_1_point_estimates,loc,X1,[-0.02407484]
n_1000_rep_34_dist_gaussian_homo_SNR_1_point_estimates,loc,X2,[0.00646345]
n_1000_rep_34_dist_gaussian_homo_SNR_1_point_estimates,loc,"spline(Z1, bs='bs', df=20)","[ 0.39838356  0.42791903  0.14819872  0.298858   -0.1418979  -0.10716926
 -0.17257296  0.21017538  0.07788751 -0.27847326  0.12108713  0.10500401
  0.34450486 -0.52389693 -0.63198715 -0.14687939  0.41507185  0.28423467
 -0.3738697 ]"
n_1000_rep_34_dist_gaussian_homo_SNR_1_point_estimates,loc,"spline(Z2, bs='bs', df=20)","[ 0.41378865  0.14177792  0.14246419  0.24220873 -0.00872966  0.15975381
 -0.05974692 -0.5311215   0.03042112  0.5916634   0.65735066  0.23791665
 -0.21045567 -0.5724524  -0.48708528 -0.38863358 -0.09317925 -0.09571657
  0.346964  ]"
n_1000_rep_34_dist_gaussian_homo_SNR_1_point_estimates,scale,Intercept,[0.53350896]
