scenario_index,param_y,param_eta,value
n_1000_rep_45_dist_gaussian_homo_SNR_8_point_estimates,loc,Intercept,[-0.35271868]
n_1000_rep_45_dist_gaussian_homo_SNR_8_point_estimates,loc,X1,[-0.1647416]
n_1000_rep_45_dist_gaussian_homo_SNR_8_point_estimates,loc,X2,[-0.2887683]
n_1000_rep_45_dist_gaussian_homo_SNR_8_point_estimates,loc,"spline(Z1, bs='bs', df=20)","[ 0.24430299  0.15593128  0.10949156  0.8637169   0.6846778   0.96765035
  0.63477296  0.25979373  0.3294876   0.00163887  0.13207142 -0.6415059
 -0.57747895 -0.71091425 -0.70951176 -0.82292277 -0.36089155 -0.1391528
  0.2621284 ]"
n_1000_rep_45_dist_gaussian_homo_SNR_8_point_estimates,loc,"spline(Z2, bs='bs', df=20)","[-0.0077443  -0.26513064 -0.35935128  0.02818407 -0.3793913  -0.30147353
 -0.36683327 -0.3186708  -0.42629856 -0.31883097 -0.13664505 -0.08051995
  0.11795238  0.04511452  0.41326725  0.47787175  0.7861053   0.8941644
  0.74596435]"
n_1000_rep_45_dist_gaussian_homo_SNR_8_point_estimates,scale,Intercept,[0.31799507]
