scenario_index,param_y,param_eta,value
n_1000_rep_60_dist_gaussian_homo_SNR_1_point_estimates,loc,Intercept,[-0.4486165]
n_1000_rep_60_dist_gaussian_homo_SNR_1_point_estimates,loc,X1,[0.04446283]
n_1000_rep_60_dist_gaussian_homo_SNR_1_point_estimates,loc,X2,[-0.41529074]
n_1000_rep_60_dist_gaussian_homo_SNR_1_point_estimates,loc,"spline(Z1, bs='bs', df=20)","[ 0.20171496  0.3727278   0.58526254  0.78178275  0.8122113   0.67517686
  0.73768246  0.9234261   0.32079607 -0.23784995 -0.11065489 -0.5186872
 -0.44432387 -0.5344826  -0.83779335 -0.54264987 -0.57820076 -0.13847563
 -0.5099032 ]"
n_1000_rep_60_dist_gaussian_homo_SNR_1_point_estimates,loc,"spline(Z2, bs='bs', df=20)","[-0.06759799 -0.5330635  -0.38470134 -0.53199893 -0.10089087 -0.31959903
 -0.4714867  -0.38704187 -0.05138115 -0.04787735 -0.38385004  0.04115556
  0.13531603  0.13126034  0.46238798  0.34267297  0.59187895  0.98689914
  0.57245356]"
n_1000_rep_60_dist_gaussian_homo_SNR_1_point_estimates,scale,Intercept,[0.51820594]
