scenario_index,param_y,param_eta,value
n_1000_rep_57_dist_gaussian_homo_SNR_1_point_estimates,loc,Intercept,[-0.26032397]
n_1000_rep_57_dist_gaussian_homo_SNR_1_point_estimates,loc,X1,[-0.21360439]
n_1000_rep_57_dist_gaussian_homo_SNR_1_point_estimates,loc,X2,[-0.03001099]
n_1000_rep_57_dist_gaussian_homo_SNR_1_point_estimates,loc,"spline(Z1, bs='bs', df=20)","[-3.6774445e-01  2.6129987e-02  2.1523519e-01  4.5128381e-01
  8.4322497e-02  1.0422932e-01  3.8958472e-04 -7.6877765e-02
 -6.8635538e-02  1.7933467e-01  3.6292306e-01  2.9331371e-01
  3.5930455e-01 -1.1145768e-01 -1.9639331e-01 -5.4517186e-01
 -1.1344041e-01  1.8029033e-01 -8.6883001e-02]"
n_1000_rep_57_dist_gaussian_homo_SNR_1_point_estimates,loc,"spline(Z2, bs='bs', df=20)","[ 0.21141025 -0.0866332  -0.3611557  -0.01789561 -0.08061764  0.11730263
 -0.19077078 -0.63602906 -0.3058685   0.0894875   0.07482679 -0.11087291
  0.14204113  0.400952    0.19369423  0.00359722  0.16243058  0.49849883
 -0.04749203]"
n_1000_rep_57_dist_gaussian_homo_SNR_1_point_estimates,scale,Intercept,[0.5390384]
