scenario_index,param_y,param_eta,value
n_1000_rep_39_dist_gaussian_homo_SNR_8_point_estimates,loc,Intercept,[-0.27641395]
n_1000_rep_39_dist_gaussian_homo_SNR_8_point_estimates,loc,X1,[-0.08579807]
n_1000_rep_39_dist_gaussian_homo_SNR_8_point_estimates,loc,X2,[-0.341465]
n_1000_rep_39_dist_gaussian_homo_SNR_8_point_estimates,loc,"spline(Z1, bs='bs', df=20)","[ 0.2139704   0.4208078   0.53794134  0.92559516  0.9301668   0.720444
  0.8978371   0.5460109   0.2714876  -0.11993239 -0.29935604 -0.34904328
 -0.592638   -0.3832914  -0.9403498  -0.7995026  -0.58203596 -0.30342707
 -0.4178018 ]"
n_1000_rep_39_dist_gaussian_homo_SNR_8_point_estimates,loc,"spline(Z2, bs='bs', df=20)","[-0.39563817 -0.31829393 -0.05962349 -0.04546124 -0.583792   -0.20868419
 -0.06279878 -0.14313163 -0.05203676 -0.24673462 -0.10196424 -0.15854728
  0.11101484  0.02173044  0.20560786  0.21238701  0.5022166   0.8102925
  0.69080985]"
n_1000_rep_39_dist_gaussian_homo_SNR_8_point_estimates,scale,Intercept,[0.5257673]
