scenario_index,param_y,param_eta,value
n_1000_rep_74_dist_gaussian_homo_SNR_8_point_estimates,loc,Intercept,[-0.18028328]
n_1000_rep_74_dist_gaussian_homo_SNR_8_point_estimates,loc,X1,[-0.06511237]
n_1000_rep_74_dist_gaussian_homo_SNR_8_point_estimates,loc,X2,[-0.42516488]
n_1000_rep_74_dist_gaussian_homo_SNR_8_point_estimates,loc,"spline(Z1, bs='bs', df=20)","[ 0.05855602  0.47868747  0.51945454  0.75504184  0.9685976   0.6244292
  0.6661186   0.5767612  -0.20206688 -0.31905824 -0.38516667 -0.8159514
 -0.6305351  -0.4099346  -0.8229175  -0.3337468  -0.35845155 -0.4669305
 -0.25555667]"
n_1000_rep_74_dist_gaussian_homo_SNR_8_point_estimates,loc,"spline(Z2, bs='bs', df=20)","[-0.33230394 -0.42889002 -0.44097266 -0.5376226  -0.15826268 -0.4121138
 -0.50249696 -0.29248568 -0.3056439  -0.27971652 -0.07346892  0.07252047
  0.33608407 -0.14117077  0.4006763   0.69071704  0.74533254  0.86227095
  0.6186856 ]"
n_1000_rep_74_dist_gaussian_homo_SNR_8_point_estimates,scale,Intercept,[0.53958654]
