scenario_index,param_y,param_eta,value
n_1000_rep_30_dist_gaussian_homo_SNR_1_point_estimates,loc,Intercept,[-0.3908592]
n_1000_rep_30_dist_gaussian_homo_SNR_1_point_estimates,loc,X1,[-0.22021335]
n_1000_rep_30_dist_gaussian_homo_SNR_1_point_estimates,loc,X2,[-0.44541675]
n_1000_rep_30_dist_gaussian_homo_SNR_1_point_estimates,loc,"spline(Z1, bs='bs', df=20)","[ 0.11975379  0.4862505   0.9438642   0.6843361   0.5974831   0.50742316
  0.5100227   0.63981205  0.45208177 -0.08170556 -0.23871265 -0.31940284
 -0.7782424  -0.7811485  -0.5791455  -0.31557173 -0.6035604  -0.11774606
 -0.36117935]"
n_1000_rep_30_dist_gaussian_homo_SNR_1_point_estimates,loc,"spline(Z2, bs='bs', df=20)","[-0.03912551 -0.34340945 -0.46887368 -0.3384872  -0.12214977 -0.30824962
 -0.61862916 -0.28706333 -0.21139416 -0.2746117  -0.26310563 -0.093782
  0.03944005  0.558752    0.77376676  0.2727451   0.5778074   0.981736
  0.5208128 ]"
n_1000_rep_30_dist_gaussian_homo_SNR_1_point_estimates,scale,Intercept,[0.5302015]
