scenario_index,param_y,param_eta,value
n_1000_rep_92_dist_gaussian_homo_SNR_1_point_estimates,loc,Intercept,[-0.4104194]
n_1000_rep_92_dist_gaussian_homo_SNR_1_point_estimates,loc,X1,[-0.25746432]
n_1000_rep_92_dist_gaussian_homo_SNR_1_point_estimates,loc,X2,[-0.2663621]
n_1000_rep_92_dist_gaussian_homo_SNR_1_point_estimates,loc,"spline(Z1, bs='bs', df=20)","[ 0.5875779   0.72973794  0.6524155   0.5823885   0.52566403  0.9038667
  0.64855766  0.3639043   0.4253615  -0.33721626 -0.2415025  -0.56647694
 -0.47067556 -0.74513423 -0.8635126  -0.5434245  -0.4555091  -0.42135715
 -0.24288027]"
n_1000_rep_92_dist_gaussian_homo_SNR_1_point_estimates,loc,"spline(Z2, bs='bs', df=20)","[-0.27858087 -0.24560924 -0.1896643  -0.2854742  -0.34960908 -0.00678753
 -0.23516494 -0.1787787   0.00217487 -0.05918451 -0.38598427 -0.11929913
  0.29988098 -0.23664555  0.6015294   0.66450137  0.5351059   0.57501054
  0.5494178 ]"
n_1000_rep_92_dist_gaussian_homo_SNR_1_point_estimates,scale,Intercept,[0.3199661]
