scenario_index,param_y,param_eta,value
n_1000_rep_88_dist_gaussian_homo_SNR_8_point_estimates,loc,Intercept,[-0.42094132]
n_1000_rep_88_dist_gaussian_homo_SNR_8_point_estimates,loc,X1,[-0.02524303]
n_1000_rep_88_dist_gaussian_homo_SNR_8_point_estimates,loc,X2,[-0.45328954]
n_1000_rep_88_dist_gaussian_homo_SNR_8_point_estimates,loc,"spline(Z1, bs='bs', df=20)","[ 0.38784206  0.40150917  0.60800093  0.75150174  0.9371561   0.77120334
  0.7219644   0.31912085  0.3014175  -0.17239271 -0.33250093 -0.5492588
 -1.0081459  -0.6961889  -0.9104353  -0.45971224 -0.54545856  0.0897316
  0.10866217]"
n_1000_rep_88_dist_gaussian_homo_SNR_8_point_estimates,loc,"spline(Z2, bs='bs', df=20)","[-0.40103316 -0.4987846  -0.38675666 -0.23036213 -0.09823002 -0.1628047
 -0.5407788  -0.35145015 -0.23519352 -0.24761789 -0.3529264  -0.17936294
  0.34369224  0.19046432  0.57241064  0.6298895   0.67485106  0.84355944
  0.7136301 ]"
n_1000_rep_88_dist_gaussian_homo_SNR_8_point_estimates,scale,Intercept,[0.48788384]
