scenario_index,param_y,param_eta,value
n_1000_rep_95_dist_gaussian_homo_SNR_8_point_estimates,loc,Intercept,[-0.46036214]
n_1000_rep_95_dist_gaussian_homo_SNR_8_point_estimates,loc,X1,[-0.00994584]
n_1000_rep_95_dist_gaussian_homo_SNR_8_point_estimates,loc,X2,[-0.46310094]
n_1000_rep_95_dist_gaussian_homo_SNR_8_point_estimates,loc,"spline(Z1, bs='bs', df=20)","[-0.03467019  0.4777576   0.7084852   0.94926655  0.9311063   0.5513193
  0.48565334  0.78904676  0.31216764  0.0129653  -0.1071171  -0.48123884
 -0.80328184 -0.6052898  -0.7434245  -0.53011996 -0.7955836  -0.4642983
 -0.37189868]"
n_1000_rep_95_dist_gaussian_homo_SNR_8_point_estimates,loc,"spline(Z2, bs='bs', df=20)","[-0.55646217 -0.42732304 -0.35960764 -0.2883696  -0.21766594 -0.30168635
 -0.58861995 -0.05425909 -0.2852321  -0.08845765  0.08817747 -0.19247593
  0.27674025  0.38064528  0.5973607   0.6837012   0.490622    0.80329365
  0.59043187]"
n_1000_rep_95_dist_gaussian_homo_SNR_8_point_estimates,scale,Intercept,[0.52427775]
