scenario_index,param_y,param_eta,value
n_1000_rep_47_dist_gaussian_homo_SNR_8_point_estimates,loc,Intercept,[-0.26980188]
n_1000_rep_47_dist_gaussian_homo_SNR_8_point_estimates,loc,X1,[-0.11621407]
n_1000_rep_47_dist_gaussian_homo_SNR_8_point_estimates,loc,X2,[-0.5783512]
n_1000_rep_47_dist_gaussian_homo_SNR_8_point_estimates,loc,"spline(Z1, bs='bs', df=20)","[-0.24416074  0.3511625   0.71775556  0.71871525  0.77955025  0.78581935
  0.9804394   0.4033735   0.2592878   0.03387973 -0.3813515  -0.24637955
 -0.7450311  -0.980304   -1.0098486  -0.65961033 -0.57171226 -0.19471066
 -0.23149505]"
n_1000_rep_47_dist_gaussian_homo_SNR_8_point_estimates,loc,"spline(Z2, bs='bs', df=20)","[ 0.00235798 -0.530158   -0.465609   -0.52782816 -0.09507579 -0.41528028
 -0.49758264 -0.13899888 -0.24655926 -0.46288702 -0.15150942  0.22679117
  0.11881365  0.26916432  0.49309894  0.4323381   0.8076424   0.8261272
  0.9221706 ]"
n_1000_rep_47_dist_gaussian_homo_SNR_8_point_estimates,scale,Intercept,[0.61006725]
