scenario_index,param_y,param_eta,value
n_1000_rep_85_dist_gaussian_homo_SNR_1_point_estimates,loc,Intercept,[-0.3373763]
n_1000_rep_85_dist_gaussian_homo_SNR_1_point_estimates,loc,X1,[-0.00670076]
n_1000_rep_85_dist_gaussian_homo_SNR_1_point_estimates,loc,X2,[-0.36535007]
n_1000_rep_85_dist_gaussian_homo_SNR_1_point_estimates,loc,"spline(Z1, bs='bs', df=20)","[ 0.5793932   0.2870291   0.38732773  0.5086679   0.5915053   0.9163171
  0.6873538   0.4866986   0.3869747  -0.3014031  -0.410626   -0.3806349
 -0.85666925 -0.5634282  -0.61069787 -0.43939924 -0.6405305  -0.22840017
  0.20710663]"
n_1000_rep_85_dist_gaussian_homo_SNR_1_point_estimates,loc,"spline(Z2, bs='bs', df=20)","[-0.1911468  -0.55339104 -0.56307715 -0.1807686  -0.521123   -0.31510308
 -0.21170376 -0.40404516 -0.25752056 -0.5155007  -0.21016258 -0.102288
 -0.06203333  0.10879623  0.11621908  0.49780855  0.7579393   0.95327574
  0.61280805]"
n_1000_rep_85_dist_gaussian_homo_SNR_1_point_estimates,scale,Intercept,[0.5224646]
