scenario_index,param_y,param_eta,value
n_1000_rep_99_dist_gaussian_homo_SNR_1_point_estimates,loc,Intercept,[-0.34915972]
n_1000_rep_99_dist_gaussian_homo_SNR_1_point_estimates,loc,X1,[-0.32029426]
n_1000_rep_99_dist_gaussian_homo_SNR_1_point_estimates,loc,X2,[-0.36539993]
n_1000_rep_99_dist_gaussian_homo_SNR_1_point_estimates,loc,"spline(Z1, bs='bs', df=20)","[ 0.5700925   0.00404383  0.55983406  0.8537207   0.9000516   0.89601207
  0.48325065  0.46746728  0.4054761  -0.37298548 -0.46019116 -0.46340218
 -0.7687811  -0.8038374  -0.9435653  -0.04639816 -0.58557934 -0.30876312
  0.21840169]"
n_1000_rep_99_dist_gaussian_homo_SNR_1_point_estimates,loc,"spline(Z2, bs='bs', df=20)","[-0.57388926 -0.6168349  -0.4242176  -0.1304479   0.0179571  -0.05497104
 -0.36899123 -0.30700684 -0.11897484  0.00351002 -0.3722143  -0.28837082
 -0.13360198  0.16419071  0.4596687   0.5792682   0.65225285  0.68815947
  0.6990973 ]"
n_1000_rep_99_dist_gaussian_homo_SNR_1_point_estimates,scale,Intercept,[0.51134664]
