scenario_index,param_y,param_eta,value
n_1000_rep_58_dist_gaussian_homo_SNR_8_point_estimates,loc,Intercept,[-0.34464526]
n_1000_rep_58_dist_gaussian_homo_SNR_8_point_estimates,loc,X1,[-0.16071679]
n_1000_rep_58_dist_gaussian_homo_SNR_8_point_estimates,loc,X2,[-0.42677358]
n_1000_rep_58_dist_gaussian_homo_SNR_8_point_estimates,loc,"spline(Z1, bs='bs', df=20)","[-0.10840036  0.05281857  0.32239982  0.62311876  1.010168    0.96108544
  0.5851883   0.17418987  0.2928468  -0.20957646 -0.50992686 -0.6113161
 -0.7584785  -0.4989687  -0.85157263 -0.3613469  -0.4127457  -0.21139823
 -0.27764776]"
n_1000_rep_58_dist_gaussian_homo_SNR_8_point_estimates,loc,"spline(Z2, bs='bs', df=20)","[-0.61286384 -0.57795304 -0.45791793 -0.41266742 -0.18771894 -0.0120667
 -0.36234853 -0.53140724 -0.3014317  -0.08356316 -0.04042581  0.11509991
  0.21975948  0.09622118  0.6387574   0.5238476   0.77123606  0.8567223
  0.68069667]"
n_1000_rep_58_dist_gaussian_homo_SNR_8_point_estimates,scale,Intercept,[0.5593781]
