scenario_index,param_y,param_eta,value
n_1000_rep_81_dist_gaussian_homo_SNR_1_point_estimates,loc,Intercept,[-0.33629513]
n_1000_rep_81_dist_gaussian_homo_SNR_1_point_estimates,loc,X1,[0.13924643]
n_1000_rep_81_dist_gaussian_homo_SNR_1_point_estimates,loc,X2,[-0.542325]
n_1000_rep_81_dist_gaussian_homo_SNR_1_point_estimates,loc,"spline(Z1, bs='bs', df=20)","[ 0.29847464  0.3089302   0.48991776  0.71172     0.8169602   0.8995472
  0.26605877  0.56210893  0.26267472  0.1012577  -0.10354076 -0.6361103
 -0.61990243 -0.6516185  -0.7840596  -0.55876654 -0.46348566 -0.1586673
 -0.2712946 ]"
n_1000_rep_81_dist_gaussian_homo_SNR_1_point_estimates,loc,"spline(Z2, bs='bs', df=20)","[ 0.1354165  -0.29429066 -0.35137382 -0.42672068 -0.2880487  -0.0069656
 -0.426964   -0.44394433 -0.22043197  0.07398488  0.10339817 -0.08566091
  0.01686187  0.1789619   0.58414686  0.17224437  0.295947    0.7879434
  0.3387706 ]"
n_1000_rep_81_dist_gaussian_homo_SNR_1_point_estimates,scale,Intercept,[0.54020333]
