scenario_index,param_y,param_eta,value
n_1000_rep_16_dist_gaussian_homo_SNR_8_point_estimates,loc,Intercept,[-0.35191315]
n_1000_rep_16_dist_gaussian_homo_SNR_8_point_estimates,loc,X1,[-0.20239891]
n_1000_rep_16_dist_gaussian_homo_SNR_8_point_estimates,loc,X2,[-0.45184052]
n_1000_rep_16_dist_gaussian_homo_SNR_8_point_estimates,loc,"spline(Z1, bs='bs', df=20)","[-0.06050036  0.03928451  0.62818074  0.77534074  0.69268084  0.6748156
  0.8090605   0.612051    0.34758866 -0.11104124 -0.44620603 -0.20908973
 -0.7530126  -0.48422435 -0.7047231  -0.3541928  -0.2905724  -0.11182352
 -0.38377002]"
n_1000_rep_16_dist_gaussian_homo_SNR_8_point_estimates,loc,"spline(Z2, bs='bs', df=20)","[-2.4074684e-01 -3.9093927e-01 -3.4753993e-01 -3.6123616e-01
 -2.3198777e-01 -2.1010144e-01 -1.8918149e-01 -1.2498187e-01
  5.7117786e-02 -2.5869524e-01  1.0269041e-02 -2.5930384e-01
  2.1824993e-01  7.9759135e-04  7.3618710e-02  1.6426581e-01
  5.4789579e-01  8.9774662e-01  4.6471113e-01]"
n_1000_rep_16_dist_gaussian_homo_SNR_8_point_estimates,scale,Intercept,[0.53296745]
