scenario_index,param_y,param_eta,value
n_1000_rep_15_dist_gaussian_homo_SNR_8_point_estimates,loc,Intercept,[-0.36427864]
n_1000_rep_15_dist_gaussian_homo_SNR_8_point_estimates,loc,X1,[-0.07985244]
n_1000_rep_15_dist_gaussian_homo_SNR_8_point_estimates,loc,X2,[-0.2782356]
n_1000_rep_15_dist_gaussian_homo_SNR_8_point_estimates,loc,"spline(Z1, bs='bs', df=20)","[-0.11771711  0.2883667   0.45491794  0.8002401   0.8001718   0.72409827
  0.57695115  0.30847892  0.0099448  -0.01627692 -0.20631462 -0.40294552
 -0.5025252  -0.5889756  -0.86686075 -0.72781026 -0.28693432 -0.0901655
 -0.31235644]"
n_1000_rep_15_dist_gaussian_homo_SNR_8_point_estimates,loc,"spline(Z2, bs='bs', df=20)","[ 0.10893269 -0.09015048 -0.37146053 -0.27859053 -0.2898932  -0.04431489
 -0.3452618  -0.22892995 -0.07292669 -0.3198212  -0.4487857  -0.04299342
 -0.04876327  0.05010567  0.23867972  0.40392634  0.76268876  0.768062
  0.68295413]"
n_1000_rep_15_dist_gaussian_homo_SNR_8_point_estimates,scale,Intercept,[0.33929428]
