scenario_index,param_y,param_eta,value
n_1000_rep_38_dist_gaussian_homo_SNR_8_point_estimates,loc,Intercept,[-0.19879232]
n_1000_rep_38_dist_gaussian_homo_SNR_8_point_estimates,loc,X1,[-0.11018506]
n_1000_rep_38_dist_gaussian_homo_SNR_8_point_estimates,loc,X2,[-0.1738996]
n_1000_rep_38_dist_gaussian_homo_SNR_8_point_estimates,loc,"spline(Z1, bs='bs', df=20)","[ 0.02900389  0.16788024 -0.39191252 -0.01469228 -0.08207107  0.11392608
  0.02774223 -0.56227213 -0.38972378  0.08906411  0.65976423  0.70817333
  0.10806209 -0.19253834 -0.04587418  0.07826927  0.20555198  0.02312728
  0.05372775]"
n_1000_rep_38_dist_gaussian_homo_SNR_8_point_estimates,loc,"spline(Z2, bs='bs', df=20)","[ 0.12640671  0.07850929 -0.21685897 -0.39773524 -0.04784337  0.00916814
 -0.19101852  0.00657981 -0.49854848 -0.20837507  0.3133966   0.4264287
  0.0673678   0.24956425  0.46697128 -0.38058552 -0.19004498  0.42048177
  0.20111515]"
n_1000_rep_38_dist_gaussian_homo_SNR_8_point_estimates,scale,Intercept,[0.5467276]
