scenario_index,param_y,param_eta,value
n_1000_rep_76_dist_gaussian_homo_SNR_8_point_estimates,loc,Intercept,[-0.26032272]
n_1000_rep_76_dist_gaussian_homo_SNR_8_point_estimates,loc,X1,[-0.08890107]
n_1000_rep_76_dist_gaussian_homo_SNR_8_point_estimates,loc,X2,[-0.28634003]
n_1000_rep_76_dist_gaussian_homo_SNR_8_point_estimates,loc,"spline(Z1, bs='bs', df=20)","[-0.07867644  0.3650878   0.63224226  1.0660225   0.858166    0.9933712
  0.55528605  0.35731933  0.077066   -0.26855853 -0.55663353 -0.7569588
 -0.48893788 -0.7567165  -0.84571683 -0.7257445  -0.47427648 -0.06203993
  0.30643108]"
n_1000_rep_76_dist_gaussian_homo_SNR_8_point_estimates,loc,"spline(Z2, bs='bs', df=20)","[ 0.12359609 -0.28159964 -0.4989801  -0.40346092 -0.47029614 -0.20115845
  0.01112847 -0.13595636 -0.13852438 -0.08156272 -0.19467321 -0.16150948
 -0.11398118  0.24519326  0.39713645  0.5807062   0.44051924  0.67630994
  0.66343373]"
n_1000_rep_76_dist_gaussian_homo_SNR_8_point_estimates,scale,Intercept,[0.32304442]
