scenario_index,param_y,param_eta,value
n_1000_rep_8_dist_gaussian_homo_SNR_8_point_estimates,loc,Intercept,[-0.28157252]
n_1000_rep_8_dist_gaussian_homo_SNR_8_point_estimates,loc,X1,[-0.1127272]
n_1000_rep_8_dist_gaussian_homo_SNR_8_point_estimates,loc,X2,[-0.29359847]
n_1000_rep_8_dist_gaussian_homo_SNR_8_point_estimates,loc,"spline(Z1, bs='bs', df=20)","[ 0.14379942  0.24543716  0.34435892  0.6181744   0.49564838  0.81366634
  0.68817914  0.6297547   0.30528632  0.22744271 -0.25151923 -0.6933993
 -0.3152764  -0.7692513  -0.9952059  -0.57015973 -0.36093113 -0.46098787
  0.11433527]"
n_1000_rep_8_dist_gaussian_homo_SNR_8_point_estimates,loc,"spline(Z2, bs='bs', df=20)","[-0.06458978 -0.4220123  -0.41758496 -0.27146628 -0.3341878  -0.06947895
 -0.3632252  -0.05414782 -0.17661253 -0.0656427  -0.18480517 -0.1512043
  0.09382585  0.21851794  0.56034964  0.42777506  0.6823003   0.7859772
  0.17938574]"
n_1000_rep_8_dist_gaussian_homo_SNR_8_point_estimates,scale,Intercept,[0.3310221]
