scenario_index,param_y,param_eta,value
n_1000_rep_77_dist_gaussian_homo_SNR_8_point_estimates,loc,Intercept,[-0.38506028]
n_1000_rep_77_dist_gaussian_homo_SNR_8_point_estimates,loc,X1,[-0.19857101]
n_1000_rep_77_dist_gaussian_homo_SNR_8_point_estimates,loc,X2,[-0.40270293]
n_1000_rep_77_dist_gaussian_homo_SNR_8_point_estimates,loc,"spline(Z1, bs='bs', df=20)","[ 0.12046352  0.35611555  0.60685325  0.6259521   0.6620605   0.70180255
  0.7671543   0.43828526  0.27957457 -0.10374501 -0.04479439 -0.5470771
 -0.47231618 -0.5038815  -0.760586   -0.90361696 -0.43061173 -0.22164558
 -0.09268161]"
n_1000_rep_77_dist_gaussian_homo_SNR_8_point_estimates,loc,"spline(Z2, bs='bs', df=20)","[-0.02202565 -0.05224839 -0.16630748 -0.51084757 -0.41527826 -0.4094056
 -0.46556127 -0.13656615 -0.20520213 -0.15657234  0.19497396  0.00077644
 -0.18510756  0.18244536  0.44422016  0.29737502  0.65525585  0.7446415
  0.6498409 ]"
n_1000_rep_77_dist_gaussian_homo_SNR_8_point_estimates,scale,Intercept,[0.31485248]
