scenario_index,param_y,param_eta,value
n_1000_rep_26_dist_gaussian_homo_SNR_8_point_estimates,loc,Intercept,[-0.49523345]
n_1000_rep_26_dist_gaussian_homo_SNR_8_point_estimates,loc,X1,[-0.39761877]
n_1000_rep_26_dist_gaussian_homo_SNR_8_point_estimates,loc,X2,[-0.36584413]
n_1000_rep_26_dist_gaussian_homo_SNR_8_point_estimates,loc,"spline(Z1, bs='bs', df=20)","[ 0.55334294  0.21311897  0.2751927   0.26729518 -0.07259957  0.0112337
 -0.53989685 -0.31433585  0.03065857 -0.07552706  0.35031244  0.2160966
  0.5073789   0.23014092 -0.54085666 -0.23133723 -0.44180366 -0.30338088
 -0.02638987]"
n_1000_rep_26_dist_gaussian_homo_SNR_8_point_estimates,loc,"spline(Z2, bs='bs', df=20)","[ 0.30793425  0.03443856 -0.05176045 -0.25689405 -0.28018942 -0.45692906
 -0.33834523 -0.07715091 -0.07545951  0.08794488  0.18870577 -0.10323244
  0.33871144  0.12665655  0.26975146  0.13316247  0.02125881  0.49277258
 -0.17743827]"
n_1000_rep_26_dist_gaussian_homo_SNR_8_point_estimates,scale,Intercept,[0.9279759]
