scenario_index,param_y,param_eta,value
n_1000_rep_63_dist_gaussian_homo_SNR_1_point_estimates,loc,Intercept,[-0.31269887]
n_1000_rep_63_dist_gaussian_homo_SNR_1_point_estimates,loc,X1,[-0.07194588]
n_1000_rep_63_dist_gaussian_homo_SNR_1_point_estimates,loc,X2,[-0.37048805]
n_1000_rep_63_dist_gaussian_homo_SNR_1_point_estimates,loc,"spline(Z1, bs='bs', df=20)","[ 0.1093223   0.42465752  0.51297045  0.6455445   0.5780424   0.82142705
  0.5704178   0.4000613   0.37088856 -0.142241   -0.24804108 -0.4194649
 -0.51815903 -0.73808724 -0.79737794 -0.8911727  -0.26122078 -0.0803366
 -0.02096315]"
n_1000_rep_63_dist_gaussian_homo_SNR_1_point_estimates,loc,"spline(Z2, bs='bs', df=20)","[-0.41903743 -0.18251815 -0.23898786 -0.5921174  -0.49286154 -0.43154383
 -0.04557333 -0.09907866 -0.06251879  0.12126061 -0.24253541 -0.14336415
  0.44652325  0.14236754  0.53675956  0.4160377   0.6144017   0.707179
  0.53058225]"
n_1000_rep_63_dist_gaussian_homo_SNR_1_point_estimates,scale,Intercept,[0.32550287]
