scenario_index,param_y,param_eta,value
n_1000_rep_31_dist_gaussian_homo_SNR_8_point_estimates,loc,Intercept,[0.32417572]
n_1000_rep_31_dist_gaussian_homo_SNR_8_point_estimates,loc,X1,[0.15266852]
n_1000_rep_31_dist_gaussian_homo_SNR_8_point_estimates,loc,X2,[0.31356004]
n_1000_rep_31_dist_gaussian_homo_SNR_8_point_estimates,loc,"spline(Z1, bs='bs', df=20)","[ 0.06165099  0.35289696  0.11534425 -0.13149336 -0.34914213 -0.24800758
  0.12754814 -0.10801537 -0.28191236 -0.30614084 -0.20988698 -0.49286318
 -0.05958116  0.27053037  0.02036713  0.1216102   0.19287543  0.6163529
  0.4999229 ]"
n_1000_rep_31_dist_gaussian_homo_SNR_8_point_estimates,loc,"spline(Z2, bs='bs', df=20)","[ 0.14962597  0.05641561 -0.08579365 -0.31213886 -0.28461108  0.18244493
  0.12499133  0.14161864 -0.20375283 -0.3722687  -0.41214603 -0.11595805
  0.34638003  0.42724344 -0.04532538  0.34758383  0.0128985  -0.00572302
 -0.21165232]"
n_1000_rep_31_dist_gaussian_homo_SNR_8_point_estimates,scale,Intercept,[1.3188993]
