scenario_index,param_y,param_eta,value
n_1000_rep_0_dist_gaussian_homo_SNR_1_point_estimates,loc,Intercept,[-0.37360752]
n_1000_rep_0_dist_gaussian_homo_SNR_1_point_estimates,loc,X1,[0.00857763]
n_1000_rep_0_dist_gaussian_homo_SNR_1_point_estimates,loc,X2,[-0.33841687]
n_1000_rep_0_dist_gaussian_homo_SNR_1_point_estimates,loc,"spline(Z1, bs='bs', df=20)","[ 0.07600511  0.3017736   0.596919    0.8143051   0.90484667  0.8947031
  0.9396532   0.5856529   0.24464783  0.11244455 -0.28874677 -0.32503104
 -0.65635526 -0.43743896 -0.8154507  -0.5306956  -0.9036693  -0.55611813
 -0.29869917]"
n_1000_rep_0_dist_gaussian_homo_SNR_1_point_estimates,loc,"spline(Z2, bs='bs', df=20)","[-0.09982379 -0.2923718  -0.2905193  -0.6079368  -0.5610941  -0.13085078
 -0.23592585 -0.35204074 -0.2269451  -0.30721104 -0.2035332  -0.53524065
 -0.04246397  0.13260975  0.44058892  0.8618191   0.7414281   0.90679157
  0.574538  ]"
n_1000_rep_0_dist_gaussian_homo_SNR_1_point_estimates,scale,Intercept,[0.53065586]
