scenario_index,param_y,param_eta,value
n_1000_rep_20_dist_gaussian_homo_SNR_1_point_estimates,loc,Intercept,[-0.27230886]
n_1000_rep_20_dist_gaussian_homo_SNR_1_point_estimates,loc,X1,[-0.16148472]
n_1000_rep_20_dist_gaussian_homo_SNR_1_point_estimates,loc,X2,[-0.35497996]
n_1000_rep_20_dist_gaussian_homo_SNR_1_point_estimates,loc,"spline(Z1, bs='bs', df=20)","[ 0.10357083  0.39844257  0.5495363   0.75210786  0.81990224  0.7427252
  0.7145034   0.5228807   0.16512531  0.14201687 -0.33893573 -0.8247119
 -0.8402698  -0.62237084 -0.7674749  -0.44042623 -0.7587808  -0.34681812
 -0.1584829 ]"
n_1000_rep_20_dist_gaussian_homo_SNR_1_point_estimates,loc,"spline(Z2, bs='bs', df=20)","[-0.39782    -0.43589842 -0.29171434 -0.28835958 -0.06305365 -0.40835923
 -0.6101553  -0.0502426  -0.27956876 -0.27610716 -0.34281173 -0.30617705
  0.11774658  0.23229577  0.44098523  0.58151484  0.49141812  0.9078548
  0.67577636]"
n_1000_rep_20_dist_gaussian_homo_SNR_1_point_estimates,scale,Intercept,[0.5063898]
