scenario_index,param_y,param_eta,value
n_1000_rep_90_dist_gaussian_homo_SNR_8_point_estimates,loc,Intercept,[-0.34543687]
n_1000_rep_90_dist_gaussian_homo_SNR_8_point_estimates,loc,X1,[-0.23963201]
n_1000_rep_90_dist_gaussian_homo_SNR_8_point_estimates,loc,X2,[-0.07530513]
n_1000_rep_90_dist_gaussian_homo_SNR_8_point_estimates,loc,"spline(Z1, bs='bs', df=20)","[ 0.434337    0.01487603 -0.22282748  0.23952928 -0.03096839  0.45039806
  0.5111163  -0.12981372 -0.22951265  0.01118031  0.05585188 -0.30974218
  0.06472804 -0.11147908 -0.20477252 -0.04917304 -0.15037452 -0.23716247
 -0.0738961 ]"
n_1000_rep_90_dist_gaussian_homo_SNR_8_point_estimates,loc,"spline(Z2, bs='bs', df=20)","[ 0.4501987   0.23047876 -0.11038683 -0.16025832 -0.11596953  0.01720011
 -0.34206736  0.01332993 -0.39819595 -0.381513   -0.11641021 -0.03471044
  0.28016794  0.21523917  0.38274506 -0.12624545 -0.18465759  0.24559554
  0.01549241]"
n_1000_rep_90_dist_gaussian_homo_SNR_8_point_estimates,scale,Intercept,[0.5457458]
