scenario_index,param_y,param_eta,value
n_1000_rep_90_dist_gaussian_homo_SNR_1_point_estimates,loc,Intercept,[-0.13028254]
n_1000_rep_90_dist_gaussian_homo_SNR_1_point_estimates,loc,X1,[-0.19861561]
n_1000_rep_90_dist_gaussian_homo_SNR_1_point_estimates,loc,X2,[-0.31111172]
n_1000_rep_90_dist_gaussian_homo_SNR_1_point_estimates,loc,"spline(Z1, bs='bs', df=20)","[ 0.15330148 -0.1805449  -0.04257494  0.22493781 -0.00293441  0.3978219
  0.80055064 -0.11984269 -0.38196665 -0.14096496 -0.20154572 -0.20036498
  0.13065962  0.18114801  0.03125635  0.11288287 -0.5570954  -0.4105982
 -0.37067214]"
n_1000_rep_90_dist_gaussian_homo_SNR_1_point_estimates,loc,"spline(Z2, bs='bs', df=20)","[ 0.54789937  0.09544931  0.13675106  0.0076872  -0.0899912  -0.20949613
 -0.3106945  -0.00447899 -0.63136315 -0.28681064 -0.02796904  0.22705735
  0.27775487  0.03676895  0.23551103 -0.155896   -0.19909367 -0.24987385
 -0.07550167]"
n_1000_rep_90_dist_gaussian_homo_SNR_1_point_estimates,scale,Intercept,[0.94366646]
