scenario_index,param_y,param_eta,value
n_1000_rep_86_dist_gaussian_homo_SNR_8_point_estimates,loc,Intercept,[-0.29013464]
n_1000_rep_86_dist_gaussian_homo_SNR_8_point_estimates,loc,X1,[-0.22820829]
n_1000_rep_86_dist_gaussian_homo_SNR_8_point_estimates,loc,X2,[-0.27320573]
n_1000_rep_86_dist_gaussian_homo_SNR_8_point_estimates,loc,"spline(Z1, bs='bs', df=20)","[ 0.33306995  0.760809    0.646167    0.9158185   0.6698986   0.6399503
  0.6276504   0.3132582   0.30329475  0.38597056 -0.22713497 -0.72087336
 -0.48329324 -0.72304213 -0.7332313  -0.7192227  -0.58483803 -0.3032945
 -0.2428259 ]"
n_1000_rep_86_dist_gaussian_homo_SNR_8_point_estimates,loc,"spline(Z2, bs='bs', df=20)","[-0.43521935 -0.62364477 -0.1021682  -0.16069578 -0.5399709  -0.34003556
 -0.43447092 -0.42865092 -0.2874392   0.17416672  0.23355229  0.24920236
  0.3440792   0.0373502   0.31863183  0.48196548  0.6837094   0.78192186
  0.38376957]"
n_1000_rep_86_dist_gaussian_homo_SNR_8_point_estimates,scale,Intercept,[0.337037]
