scenario_index,param_y,param_eta,value
n_1000_rep_82_dist_gaussian_homo_SNR_8_point_estimates,loc,Intercept,[-0.33153957]
n_1000_rep_82_dist_gaussian_homo_SNR_8_point_estimates,loc,X1,[-0.21299773]
n_1000_rep_82_dist_gaussian_homo_SNR_8_point_estimates,loc,X2,[-0.39268255]
n_1000_rep_82_dist_gaussian_homo_SNR_8_point_estimates,loc,"spline(Z1, bs='bs', df=20)","[ 0.54104644  0.13946395  0.7430372   0.6997342   0.5935154   0.70906585
  0.5905918   0.70855546  0.32288486 -0.09984084 -0.57125306 -0.42532194
 -0.55394596 -0.6422449  -0.83225244 -0.50043344 -0.7153867  -0.33038738
 -0.17505798]"
n_1000_rep_82_dist_gaussian_homo_SNR_8_point_estimates,loc,"spline(Z2, bs='bs', df=20)","[-0.5697924  -0.4075538  -0.36886302 -0.36053404 -0.44464475 -0.5469407
 -0.5147092  -0.5217958  -0.13882045 -0.13162087  0.19975154  0.05776197
  0.2874083   0.13700414  0.39277613  0.5486893   0.75082266  0.9916876
  0.66441387]"
n_1000_rep_82_dist_gaussian_homo_SNR_8_point_estimates,scale,Intercept,[0.5000409]
