scenario_index,param_y,param_eta,value
n_1000_rep_56_dist_gaussian_homo_SNR_8_point_estimates,loc,Intercept,[-0.44945347]
n_1000_rep_56_dist_gaussian_homo_SNR_8_point_estimates,loc,X1,[-0.14690489]
n_1000_rep_56_dist_gaussian_homo_SNR_8_point_estimates,loc,X2,[-0.3818649]
n_1000_rep_56_dist_gaussian_homo_SNR_8_point_estimates,loc,"spline(Z1, bs='bs', df=20)","[ 0.12919077  0.27750242  0.38216573  0.8283255   0.6851582   0.66116357
  0.55084896  0.5544501   0.6062383   0.11980145 -0.35099885 -0.5719186
 -0.49299374 -0.541031   -0.74167734 -0.8573461  -0.2996891  -0.16026072
 -0.17321815]"
n_1000_rep_56_dist_gaussian_homo_SNR_8_point_estimates,loc,"spline(Z2, bs='bs', df=20)","[ 0.05632791 -0.47148076 -0.50016034 -0.30422392 -0.27553803 -0.15043421
 -0.10146821 -0.3050934  -0.28777385 -0.11107329  0.2986306  -0.03160281
  0.14925541 -0.01944685  0.19691363  0.42904276  0.7838768   0.60180026
  0.30597016]"
n_1000_rep_56_dist_gaussian_homo_SNR_8_point_estimates,scale,Intercept,[0.30858165]
