scenario_index,param_y,param_eta,value
n_1000_rep_29_dist_gaussian_homo_SNR_8_point_estimates,loc,Intercept,[-0.3047855]
n_1000_rep_29_dist_gaussian_homo_SNR_8_point_estimates,loc,X1,[-0.06258178]
n_1000_rep_29_dist_gaussian_homo_SNR_8_point_estimates,loc,X2,[-0.3441332]
n_1000_rep_29_dist_gaussian_homo_SNR_8_point_estimates,loc,"spline(Z1, bs='bs', df=20)","[ 0.12073998  0.34333587  0.17942667  0.72168124  0.70907176  1.0615932
  0.5019979   0.5697782   0.2946226   0.13623552 -0.108476   -0.34967628
 -0.6567762  -0.88149065 -0.69040304 -0.66376346 -0.5302573  -0.53488547
 -0.13739587]"
n_1000_rep_29_dist_gaussian_homo_SNR_8_point_estimates,loc,"spline(Z2, bs='bs', df=20)","[-0.301675   -0.42474568 -0.4921489  -0.43927187 -0.5237045  -0.1285224
 -0.04736424 -0.26438516 -0.1966344  -0.24032901  0.06916192 -0.21566537
  0.09640497  0.31794527  0.5216534   0.55950826  0.69166374  0.8758461
  0.5867402 ]"
n_1000_rep_29_dist_gaussian_homo_SNR_8_point_estimates,scale,Intercept,[0.32744676]
