scenario_index,param_y,param_eta,value
n_1000_rep_38_dist_gaussian_homo_SNR_1_point_estimates,loc,Intercept,[-0.15675065]
n_1000_rep_38_dist_gaussian_homo_SNR_1_point_estimates,loc,X1,[-0.1268076]
n_1000_rep_38_dist_gaussian_homo_SNR_1_point_estimates,loc,X2,[-0.22944218]
n_1000_rep_38_dist_gaussian_homo_SNR_1_point_estimates,loc,"spline(Z1, bs='bs', df=20)","[-0.03264867  0.3126582   0.03061632 -0.09742142 -0.06365256  0.06338393
  0.12572916 -0.38243762 -0.6541475  -0.15850975  0.5340722   0.7300374
 -0.12170143 -0.07866469  0.01459808  0.50741446  0.08979258  0.01777722
 -0.27235264]"
n_1000_rep_38_dist_gaussian_homo_SNR_1_point_estimates,loc,"spline(Z2, bs='bs', df=20)","[ 0.28210983  0.27983227 -0.08240901 -0.1144065   0.15306072 -0.03279324
 -0.08892884 -0.02246068 -0.39829254 -0.19222729  0.20268516  0.29522556
  0.04341831  0.0022063   0.3716143  -0.36242437 -0.489431    0.03518341
  0.23840624]"
n_1000_rep_38_dist_gaussian_homo_SNR_1_point_estimates,scale,Intercept,[0.9359485]
