scenario_index,param_y,param_eta,value
n_1000_rep_9_dist_gaussian_homo_SNR_1_point_estimates,loc,Intercept,[-0.37684038]
n_1000_rep_9_dist_gaussian_homo_SNR_1_point_estimates,loc,X1,[-0.06011483]
n_1000_rep_9_dist_gaussian_homo_SNR_1_point_estimates,loc,X2,[-0.33215448]
n_1000_rep_9_dist_gaussian_homo_SNR_1_point_estimates,loc,"spline(Z1, bs='bs', df=20)","[ 0.02286334  0.39246726  0.3502083   0.82267445  0.95022446  0.8536655
  0.3409581   0.08191868  0.33981657 -0.07818924 -0.19084449 -0.265452
 -0.6217719  -0.8028646  -0.64275056 -0.8790762  -0.7184013  -0.615404
 -0.00402357]"
n_1000_rep_9_dist_gaussian_homo_SNR_1_point_estimates,loc,"spline(Z2, bs='bs', df=20)","[-0.38360506 -0.31619844 -0.3544619  -0.24603374 -0.09491973 -0.1044415
 -0.61547446 -0.1427339  -0.33830357 -0.49544305 -0.1504163   0.11136896
  0.05679888  0.11417656  0.5576064   0.5683918   0.64829487  0.9407165
  0.7419584 ]"
n_1000_rep_9_dist_gaussian_homo_SNR_1_point_estimates,scale,Intercept,[0.3364644]
