scenario_index,param_y,param_eta,value
n_1000_rep_5_dist_gaussian_homo_SNR_8_point_estimates,loc,Intercept,[-0.22707467]
n_1000_rep_5_dist_gaussian_homo_SNR_8_point_estimates,loc,X1,[-0.16757542]
n_1000_rep_5_dist_gaussian_homo_SNR_8_point_estimates,loc,X2,[-0.43573043]
n_1000_rep_5_dist_gaussian_homo_SNR_8_point_estimates,loc,"spline(Z1, bs='bs', df=20)","[ 0.09673394  0.37223217  0.5726376   0.75168014  0.70372653  0.82513654
  0.9263617   0.6242732   0.22897713  0.2591438  -0.3662882  -0.66503143
 -0.5321665  -0.7963911  -0.79709846 -0.6922665  -0.4480922  -0.4763833
 -0.4901833 ]"
n_1000_rep_5_dist_gaussian_homo_SNR_8_point_estimates,loc,"spline(Z2, bs='bs', df=20)","[-0.2254787  -0.17857146 -0.387739   -0.44432238 -0.33470574 -0.44557822
 -0.34360468 -0.15037064 -0.05235535 -0.06958526  0.05959884 -0.33553246
  0.03379043  0.20062396  0.3053892   0.49397102  0.7266473   0.9356386
  0.90104073]"
n_1000_rep_5_dist_gaussian_homo_SNR_8_point_estimates,scale,Intercept,[0.5741904]
