scenario_index,param_y,param_eta,value
n_1000_rep_66_dist_gaussian_homo_SNR_1_point_estimates,loc,Intercept,[-0.33460438]
n_1000_rep_66_dist_gaussian_homo_SNR_1_point_estimates,loc,X1,[-0.01641608]
n_1000_rep_66_dist_gaussian_homo_SNR_1_point_estimates,loc,X2,[-0.35041496]
n_1000_rep_66_dist_gaussian_homo_SNR_1_point_estimates,loc,"spline(Z1, bs='bs', df=20)","[-0.02764282  0.26405954  0.69487625  0.82316655  0.8306934   1.0348427
  0.5965326   0.5325866   0.30145118  0.36830455 -0.0795212  -0.5877236
 -0.96792144 -0.70318675 -0.78534764 -0.29446495 -0.5420741  -0.07063524
 -0.02923815]"
n_1000_rep_66_dist_gaussian_homo_SNR_1_point_estimates,loc,"spline(Z2, bs='bs', df=20)","[-0.4415519  -0.5350532  -0.4372967  -0.28516224 -0.06619418 -0.36095795
 -0.2948137  -0.14414518 -0.4129891  -0.26207894  0.04989462 -0.66365945
  0.02176363  0.10047434  0.63539046  0.630978    0.676042    0.89399964
  0.6730561 ]"
n_1000_rep_66_dist_gaussian_homo_SNR_1_point_estimates,scale,Intercept,[0.48307428]
