scenario_index,param_y,param_eta,value
n_1000_rep_77_dist_gaussian_homo_SNR_1_point_estimates,loc,Intercept,[-0.3500757]
n_1000_rep_77_dist_gaussian_homo_SNR_1_point_estimates,loc,X1,[-0.14008267]
n_1000_rep_77_dist_gaussian_homo_SNR_1_point_estimates,loc,X2,[-0.4476886]
n_1000_rep_77_dist_gaussian_homo_SNR_1_point_estimates,loc,"spline(Z1, bs='bs', df=20)","[ 0.1071212   0.3777309   0.70351136  0.64539856  0.8397779   0.71457285
  0.8944692   0.64947444  0.13858429 -0.23781098 -0.09997882 -0.45142037
 -0.6923053  -0.59373784 -0.88152355 -0.6664306  -0.6851675  -0.03118854
 -0.3837684 ]"
n_1000_rep_77_dist_gaussian_homo_SNR_1_point_estimates,loc,"spline(Z2, bs='bs', df=20)","[-0.18777418 -0.15349996 -0.2730783  -0.40586656 -0.41813838 -0.44709712
 -0.47445965 -0.03690232 -0.00222552 -0.4376604   0.27299795 -0.07497599
 -0.10591343  0.12468672  0.46439862  0.44834957  0.65937304  0.8192655
  0.583537  ]"
n_1000_rep_77_dist_gaussian_homo_SNR_1_point_estimates,scale,Intercept,[0.49217477]
