scenario_index,param_y,param_eta,value
n_1000_rep_91_dist_gaussian_homo_SNR_1_point_estimates,loc,Intercept,[-0.55796]
n_1000_rep_91_dist_gaussian_homo_SNR_1_point_estimates,loc,X1,[-0.63939595]
n_1000_rep_91_dist_gaussian_homo_SNR_1_point_estimates,loc,X2,[-0.47957987]
n_1000_rep_91_dist_gaussian_homo_SNR_1_point_estimates,loc,"spline(Z1, bs='bs', df=20)","[ 0.52671397 -0.11295526 -0.5390111  -0.12447868 -0.25349236 -0.26345676
 -0.0441299  -0.04531692 -0.10634039 -0.2782336   0.0043607   0.46085203
  0.05141464  0.0594071   0.17373846  0.66496867 -0.11854129 -0.06937577
  0.03577396]"
n_1000_rep_91_dist_gaussian_homo_SNR_1_point_estimates,loc,"spline(Z2, bs='bs', df=20)","[ 0.05596879 -0.19199954 -0.14868183  0.06323561  0.2486815   0.21046132
 -0.49556178 -0.4085943  -0.33377978 -0.01013379  0.29362574  0.14252838
  0.1143783   0.36861175  0.06889057 -0.03536901  0.21472472  0.2293998
 -0.23983917]"
n_1000_rep_91_dist_gaussian_homo_SNR_1_point_estimates,scale,Intercept,[0.934523]
