scenario_index,param_y,param_eta,value
n_1000_rep_95_dist_gaussian_homo_SNR_1_point_estimates,loc,Intercept,[-0.48328993]
n_1000_rep_95_dist_gaussian_homo_SNR_1_point_estimates,loc,X1,[-0.10926983]
n_1000_rep_95_dist_gaussian_homo_SNR_1_point_estimates,loc,X2,[-0.4044043]
n_1000_rep_95_dist_gaussian_homo_SNR_1_point_estimates,loc,"spline(Z1, bs='bs', df=20)","[-0.01608002  0.51628107  0.73397154  0.949721    0.72865486  0.57915795
  0.47727758  0.62893814  0.30882242  0.11671995 -0.1095536  -0.6454124
 -0.62934965 -0.56260693 -0.5203954  -0.6785735  -0.42844853 -0.4220633
 -0.1898511 ]"
n_1000_rep_95_dist_gaussian_homo_SNR_1_point_estimates,loc,"spline(Z2, bs='bs', df=20)","[-0.26051766 -0.2618414  -0.40278885 -0.43643135 -0.284803   -0.22190787
 -0.52508247 -0.14359272 -0.17400233 -0.17384692  0.02739586 -0.04141915
  0.280561    0.32358655  0.66564584  0.55382025  0.5793596   0.79443973
  0.67785746]"
n_1000_rep_95_dist_gaussian_homo_SNR_1_point_estimates,scale,Intercept,[0.3139658]
