scenario_index,param_y,param_eta,value
n_1000_rep_29_dist_gaussian_homo_SNR_1_point_estimates,loc,Intercept,[-0.200247]
n_1000_rep_29_dist_gaussian_homo_SNR_1_point_estimates,loc,X1,[-0.03319855]
n_1000_rep_29_dist_gaussian_homo_SNR_1_point_estimates,loc,X2,[-0.49354553]
n_1000_rep_29_dist_gaussian_homo_SNR_1_point_estimates,loc,"spline(Z1, bs='bs', df=20)","[ 0.14793067  0.20313221  0.05135515  0.74329317  0.86651057  0.95419157
  0.81872934  0.7155366   0.1334844   0.37611347 -0.18013215 -0.17006591
 -0.8044152  -1.0078576  -0.93257594 -0.66659707 -0.7000863  -0.7022306
 -0.26538432]"
n_1000_rep_29_dist_gaussian_homo_SNR_1_point_estimates,loc,"spline(Z2, bs='bs', df=20)","[-0.49587354 -0.5716401  -0.41599277 -0.45244431 -0.6088197  -0.17171724
 -0.15693487 -0.40653345 -0.19178028 -0.07693033  0.01789833 -0.30809867
  0.14635399  0.6150512   0.46242714  0.7769909   0.8144673   0.91574705
  0.7673521 ]"
n_1000_rep_29_dist_gaussian_homo_SNR_1_point_estimates,scale,Intercept,[0.5535861]
