scenario_index,param_y,param_eta,value
n_1000_rep_14_dist_gaussian_homo_SNR_1_point_estimates,loc,Intercept,[-0.22524306]
n_1000_rep_14_dist_gaussian_homo_SNR_1_point_estimates,loc,X1,[-0.03292952]
n_1000_rep_14_dist_gaussian_homo_SNR_1_point_estimates,loc,X2,[-0.39906803]
n_1000_rep_14_dist_gaussian_homo_SNR_1_point_estimates,loc,"spline(Z1, bs='bs', df=20)","[ 0.0375004   0.1412083   0.46549302  0.531787    0.5024543   0.88900334
  0.54388475  0.40595287  0.1599944   0.23789293 -0.1632088  -0.688608
 -0.7483867  -0.44684756 -0.74723417 -0.474906   -0.7052058   0.17304218
  0.14983147]"
n_1000_rep_14_dist_gaussian_homo_SNR_1_point_estimates,loc,"spline(Z2, bs='bs', df=20)","[-0.4985124  -0.05207007 -0.3503568  -0.54768425 -0.14856671  0.15016071
 -0.35067892 -0.4216394  -0.41827852 -0.3770872   0.19045724 -0.25021365
  0.17809427  0.05259478  0.47022256  0.38842908  0.6495884   0.93422645
  0.45225224]"
n_1000_rep_14_dist_gaussian_homo_SNR_1_point_estimates,scale,Intercept,[0.5575133]
