scenario_index,param_y,param_eta,value
n_1000_rep_34_dist_gaussian_homo_SNR_8_point_estimates,loc,Intercept,[0.19185707]
n_1000_rep_34_dist_gaussian_homo_SNR_8_point_estimates,loc,X1,[0.15381625]
n_1000_rep_34_dist_gaussian_homo_SNR_8_point_estimates,loc,X2,[0.04084633]
n_1000_rep_34_dist_gaussian_homo_SNR_8_point_estimates,loc,"spline(Z1, bs='bs', df=20)","[ 0.12239134  0.31125644 -0.079564    0.25542715  0.14809257 -0.22054124
  0.06756452  0.40037805 -0.18898572 -0.6588523  -0.10217328  0.22839047
  0.34195215 -0.4196147  -0.45952928 -0.13289382  0.0651455   0.3423734
 -0.17705491]"
n_1000_rep_34_dist_gaussian_homo_SNR_8_point_estimates,loc,"spline(Z2, bs='bs', df=20)","[ 0.1557498  -0.04315871  0.11688951  0.29610348 -0.19775079  0.06068395
 -0.12371113 -0.30960587  0.22608073  0.41442275  0.20287435  0.44410917
 -0.1365303  -0.44740126 -0.56499624 -0.1244635   0.17475833  0.02108078
  0.2801389 ]"
n_1000_rep_34_dist_gaussian_homo_SNR_8_point_estimates,scale,Intercept,[1.56182]
