scenario_index,param_y,param_eta,value
n_1000_rep_7_dist_gaussian_homo_SNR_8_point_estimates,loc,Intercept,[-0.39253005]
n_1000_rep_7_dist_gaussian_homo_SNR_8_point_estimates,loc,X1,[-0.22120331]
n_1000_rep_7_dist_gaussian_homo_SNR_8_point_estimates,loc,X2,[-0.35476878]
n_1000_rep_7_dist_gaussian_homo_SNR_8_point_estimates,loc,"spline(Z1, bs='bs', df=20)","[ 0.00644851  0.33803582  0.339945    0.55833906  0.62111807  0.89119565
  0.57328933  0.61856025  0.47117797  0.03222169 -0.4503424  -0.73560613
 -0.49625635 -0.62122476 -0.8387575  -0.7482767  -0.15237774 -0.1109301
 -0.23988286]"
n_1000_rep_7_dist_gaussian_homo_SNR_8_point_estimates,loc,"spline(Z2, bs='bs', df=20)","[-0.5222161  -0.74880177 -0.35582942 -0.11715007 -0.1508797  -0.39619985
 -0.35165632 -0.0221667   0.02280303 -0.07987537 -0.25085372 -0.25172445
 -0.1892416   0.29890928  0.29605222  0.31438345  0.868689    0.9352814
  0.4876571 ]"
n_1000_rep_7_dist_gaussian_homo_SNR_8_point_estimates,scale,Intercept,[0.34055445]
