scenario_index,param_y,param_eta,value
n_1000_rep_81_dist_gaussian_homo_SNR_8_point_estimates,loc,Intercept,[-0.35653803]
n_1000_rep_81_dist_gaussian_homo_SNR_8_point_estimates,loc,X1,[0.05405748]
n_1000_rep_81_dist_gaussian_homo_SNR_8_point_estimates,loc,X2,[-0.49970526]
n_1000_rep_81_dist_gaussian_homo_SNR_8_point_estimates,loc,"spline(Z1, bs='bs', df=20)","[ 0.1769894   0.3529086   0.31150857  0.73789924  0.75071543  0.86238813
  0.21015757  0.3661235   0.29432467  0.18265906 -0.15493956 -0.7040243
 -0.47706488 -0.82047665 -0.71709985 -0.7940558  -0.20949613 -0.17074747
  0.10956811]"
n_1000_rep_81_dist_gaussian_homo_SNR_8_point_estimates,loc,"spline(Z2, bs='bs', df=20)","[-0.13300028 -0.5139343  -0.56862134 -0.4065435  -0.21427158  0.21461552
 -0.4437     -0.3291512  -0.08387868 -0.06466029 -0.1002231  -0.00336827
  0.02156784  0.4706214   0.5896095   0.3024096   0.31053793  0.64126444
  0.34073055]"
n_1000_rep_81_dist_gaussian_homo_SNR_8_point_estimates,scale,Intercept,[0.3364949]
