scenario_index,param_y,param_eta,value
n_1000_rep_37_dist_gaussian_homo_SNR_1_point_estimates,loc,Intercept,[-0.3742582]
n_1000_rep_37_dist_gaussian_homo_SNR_1_point_estimates,loc,X1,[-0.03563838]
n_1000_rep_37_dist_gaussian_homo_SNR_1_point_estimates,loc,X2,[-0.32990447]
n_1000_rep_37_dist_gaussian_homo_SNR_1_point_estimates,loc,"spline(Z1, bs='bs', df=20)","[ 0.24993621  0.37826785  0.48592424  0.83222085  0.6713787   0.80376136
  0.6038921   0.40624866  0.4525155   0.29153076 -0.37258974 -0.7292389
 -0.42787084 -0.71259016 -0.8393743  -0.57604665 -0.31449467 -0.23872915
 -0.05058241]"
n_1000_rep_37_dist_gaussian_homo_SNR_1_point_estimates,loc,"spline(Z2, bs='bs', df=20)","[-0.26463556 -0.3540588  -0.68864363 -0.2680048  -0.0135364  -0.13304609
 -0.29943135 -0.3638728   0.30969048  0.16211411 -0.19757326  0.00914609
  0.08883426 -0.08760844  0.5264415   0.5996593   0.63439953  0.7351686
  0.49331784]"
n_1000_rep_37_dist_gaussian_homo_SNR_1_point_estimates,scale,Intercept,[0.31470743]
