scenario_index,param_y,param_eta,value
n_1000_rep_6_dist_gaussian_homo_SNR_8_point_estimates,loc,Intercept,[-0.33281264]
n_1000_rep_6_dist_gaussian_homo_SNR_8_point_estimates,loc,X1,[-0.25550258]
n_1000_rep_6_dist_gaussian_homo_SNR_8_point_estimates,loc,X2,[-0.4267234]
n_1000_rep_6_dist_gaussian_homo_SNR_8_point_estimates,loc,"spline(Z1, bs='bs', df=20)","[-0.21320741  0.31253126  0.35507682  0.77930355  0.7468954   0.8180011
  1.0718449   0.88410854  0.08785899 -0.18232024 -0.0572314  -0.35654077
 -0.6623335  -0.7832212  -0.82532346 -0.6381125  -0.58053595 -0.64008516
 -0.27556205]"
n_1000_rep_6_dist_gaussian_homo_SNR_8_point_estimates,loc,"spline(Z2, bs='bs', df=20)","[-0.24838571 -0.3895159  -0.17572986  0.04155579 -0.32641903 -0.4875559
 -0.58626324 -0.25726527 -0.04117448  0.02277931  0.22079436 -0.2083353
 -0.13076414 -0.058204    0.18421276  0.61629575  0.9042974   1.0253408
  0.54571193]"
n_1000_rep_6_dist_gaussian_homo_SNR_8_point_estimates,scale,Intercept,[0.560388]
