scenario_index,param_y,param_eta,value
n_1000_rep_87_dist_gaussian_homo_SNR_1_point_estimates,loc,Intercept,[-0.37462452]
n_1000_rep_87_dist_gaussian_homo_SNR_1_point_estimates,loc,X1,[-0.0752221]
n_1000_rep_87_dist_gaussian_homo_SNR_1_point_estimates,loc,X2,[-0.29484242]
n_1000_rep_87_dist_gaussian_homo_SNR_1_point_estimates,loc,"spline(Z1, bs='bs', df=20)","[ 0.55343354  0.16697495  0.4621169   0.7337525   0.62742084  0.7997326
  0.52233565  0.41894853  0.44535497 -0.09170592 -0.4705836  -0.56344634
 -0.61177284 -0.56373817 -0.59829706 -0.7884603  -0.47060433 -0.19393688
  0.36916462]"
n_1000_rep_87_dist_gaussian_homo_SNR_1_point_estimates,loc,"spline(Z2, bs='bs', df=20)","[-0.11211527 -0.4312328  -0.21018668 -0.03713544 -0.18754059 -0.1991148
 -0.15625872 -0.09683405 -0.2913735  -0.3049545  -0.32002518  0.05193229
  0.12169023  0.13071126  0.14429325  0.05472137  0.45264024  0.8129188
  0.58323026]"
n_1000_rep_87_dist_gaussian_homo_SNR_1_point_estimates,scale,Intercept,[0.33216494]
