scenario_index,param_y,param_eta,value
n_1000_rep_46_dist_gaussian_homo_SNR_8_point_estimates,loc,Intercept,[-0.38660133]
n_1000_rep_46_dist_gaussian_homo_SNR_8_point_estimates,loc,X1,[-0.08391888]
n_1000_rep_46_dist_gaussian_homo_SNR_8_point_estimates,loc,X2,[-0.34904128]
n_1000_rep_46_dist_gaussian_homo_SNR_8_point_estimates,loc,"spline(Z1, bs='bs', df=20)","[ 0.31702334  0.5326573   0.36329725  0.8612625   0.652629    0.68273216
  0.55753297  0.39975995  0.25339615 -0.02037917 -0.10200907 -0.48065418
 -0.50731295 -0.68002295 -0.7420268  -0.46375227 -0.42795366 -0.38876244
 -0.33352202]"
n_1000_rep_46_dist_gaussian_homo_SNR_8_point_estimates,loc,"spline(Z2, bs='bs', df=20)","[-0.38462016 -0.34093642 -0.5426989  -0.5782801  -0.33896884 -0.2083151
 -0.5966479  -0.2876141  -0.1715459  -0.11811887 -0.02262648 -0.07525937
  0.12087254  0.07985387  0.5641398   0.54993165  0.68114555  0.91056615
  0.74989426]"
n_1000_rep_46_dist_gaussian_homo_SNR_8_point_estimates,scale,Intercept,[0.33564925]
