scenario_index,param_y,param_eta,value
n_1000_rep_49_dist_gaussian_homo_SNR_1_point_estimates,loc,Intercept,[-0.38512158]
n_1000_rep_49_dist_gaussian_homo_SNR_1_point_estimates,loc,X1,[-0.1972301]
n_1000_rep_49_dist_gaussian_homo_SNR_1_point_estimates,loc,X2,[-0.3736648]
n_1000_rep_49_dist_gaussian_homo_SNR_1_point_estimates,loc,"spline(Z1, bs='bs', df=20)","[ 0.42726257  0.39838225  0.23876482  0.64316016  0.93925     0.97038466
  0.68020314  0.67587245  0.32475418 -0.44162172 -0.44670004 -0.2681909
 -0.4549197  -0.63605833 -0.73127437 -0.6079982  -0.6961879  -0.371501
 -0.4983835 ]"
n_1000_rep_49_dist_gaussian_homo_SNR_1_point_estimates,loc,"spline(Z2, bs='bs', df=20)","[-0.16523072 -0.44354585 -0.13954845 -0.3750163  -0.4848075  -0.42871955
 -0.30496705 -0.26552436 -0.48923132 -0.30133462  0.00634956 -0.0260156
  0.09544285  0.15035807  0.33240953  0.5680216   0.77001536  0.92483383
  0.59124434]"
n_1000_rep_49_dist_gaussian_homo_SNR_1_point_estimates,scale,Intercept,[0.509094]
